PatientID,Name,Age,Gender,BloodType,MedicalCondition,DateOfAdmission,Doctor,Hospital,InsuranceProvider,BillingAmount,RoomNumber,AdmissionType,DischargeDate,Medication,TestResults,AgeGroup,LengthOfStay,AdmissionYear,AdmissionMonth,AdmissionMonthName,Department
1,Bobby JacksOn,30,Male,B-,Cancer,2024-01-31,Matthew Smith,Sons and Miller,Blue Cross,18856.28,328,Urgent,2024-02-02,Paracetamol,Normal,Young Adult (20-35),2,2024,1,January,Oncology
2,LesLie TErRy,62,Male,A+,Obesity,2019-08-20,Samantha Davies,Kim Inc,Medicare,33643.33,265,Emergency,2019-08-26,Ibuprofen,Inconclusive,Middle Age (51-65),6,2019,8,August,Endocrinology
3,DaNnY sMitH,76,Female,A-,Obesity,2022-09-22,Tiffany Mitchell,Cook PLC,Aetna,27955.1,205,Emergency,2022-10-07,Aspirin,Normal,Senior (65+),15,2022,9,September,Endocrinology
4,andrEw waTtS,28,Female,O+,Diabetes,2020-11-18,Kevin Wells,"Hernandez Rogers and Vang,",Medicare,37909.78,450,Elective,2020-12-18,Ibuprofen,Abnormal,Young Adult (20-35),30,2020,11,November,Endocrinology
5,adrIENNE bEll,43,Female,AB+,Cancer,2022-09-19,Kathleen Hanna,White-White,Aetna,14238.32,458,Urgent,2022-10-09,Penicillin,Abnormal,Adult (36-50),20,2022,9,September,Oncology
6,EMILY JOHNSOn,36,Male,A+,Asthma,2023-12-20,Taylor Newton,Nunez-Humphrey,UnitedHealthcare,48145.11,389,Urgent,2023-12-24,Ibuprofen,Normal,Adult (36-50),4,2023,12,December,Pulmonology
7,edwArD EDWaRDs,21,Female,AB-,Diabetes,2020-11-03,Kelly Olson,Group Middleton,Medicare,19580.87,389,Emergency,2020-11-15,Paracetamol,Inconclusive,Young Adult (20-35),12,2020,11,November,Endocrinology
8,CHrisTInA MARtinez,20,Female,A+,Cancer,2021-12-28,Suzanne Thomas,"Powell Robinson and Valdez,",Cigna,45820.46,277,Emergency,2022-01-07,Paracetamol,Inconclusive,Young Adult (20-35),10,2021,12,December,Oncology
9,JASmINe aGuIlaR,82,Male,AB+,Asthma,2020-07-01,Daniel Ferguson,Sons Rich and,Cigna,50119.22,316,Elective,2020-07-14,Aspirin,Abnormal,Senior (65+),13,2020,7,July,Pulmonology
10,ChRISTopher BerG,58,Female,AB-,Cancer,2021-05-23,Heather Day,Padilla-Walker,UnitedHealthcare,19784.63,249,Elective,2021-06-22,Paracetamol,Inconclusive,Middle Age (51-65),30,2021,5,May,Oncology
11,mIchElLe daniELs,72,Male,O+,Cancer,2020-04-19,John Duncan,Schaefer-Porter,Medicare,12576.8,394,Urgent,2020-04-22,Paracetamol,Normal,Senior (65+),3,2020,4,April,Oncology
12,aaRon MARtiNeZ,38,Female,A-,Hypertension,2023-08-13,Douglas Mayo,Lyons-Blair,Medicare,7999.59,288,Urgent,2023-09-05,Lipitor,Inconclusive,Adult (36-50),23,2023,8,August,Cardiology
13,connOR HANsEn,75,Female,A+,Diabetes,2019-12-12,Kenneth Fletcher,"Powers Miller, and Flores",Cigna,43282.28,134,Emergency,2019-12-28,Penicillin,Abnormal,Senior (65+),16,2019,12,December,Endocrinology
14,rObeRt bAuer,68,Female,AB+,Asthma,2020-05-22,Theresa Freeman,Rivera-Gutierrez,UnitedHealthcare,33207.71,309,Urgent,2020-06-19,Lipitor,Normal,Senior (65+),28,2020,5,May,Pulmonology
15,bROOkE brady,44,Female,AB+,Cancer,2021-10-08,Roberta Stewart,Morris-Arellano,UnitedHealthcare,40701.6,182,Urgent,2021-10-13,Paracetamol,Normal,Adult (36-50),5,2021,10,October,Oncology
16,MS. nAtalIE gAMble,46,Female,AB-,Obesity,2023-01-01,Maria Dougherty,Cline-Williams,Blue Cross,12263.36,465,Elective,2023-01-11,Aspirin,Inconclusive,Adult (36-50),10,2023,1,January,Endocrinology
17,haley perkins,63,Female,A+,Arthritis,2020-06-23,Erica Spencer,Cervantes-Wells,UnitedHealthcare,24499.85,114,Elective,2020-07-14,Paracetamol,Normal,Middle Age (51-65),21,2020,6,June,Orthopedics
18,mRS. jamiE cAMPBELl,38,Male,AB-,Obesity,2020-03-08,Justin Kim,"Torres, and Harrison Jones",Cigna,17440.47,449,Urgent,2020-04-02,Paracetamol,Abnormal,Adult (36-50),25,2020,3,March,Endocrinology
19,LuKE BuRgEss,34,Female,A-,Hypertension,2021-03-04,Justin Moore Jr.,Houston PLC,Blue Cross,18843.02,260,Elective,2021-03-14,Aspirin,Abnormal,Young Adult (20-35),10,2021,3,March,Cardiology
20,dANIEL schmIdt,63,Male,B+,Asthma,2022-11-15,Denise Galloway,Hammond Ltd,Cigna,23762.2,465,Elective,2022-11-22,Penicillin,Normal,Middle Age (51-65),7,2022,11,November,Pulmonology
21,tIMOTHY burNs,67,Female,A-,Asthma,2023-06-28,Krista Smith,Jones LLC,Blue Cross,42.51,115,Elective,2023-07-02,Aspirin,Normal,Senior (65+),4,2023,6,June,Pulmonology
22,ChRISToPHEr BRiGhT,48,Male,B+,Asthma,2020-01-21,Gregory Smith,Williams-Davis,Aetna,17695.91,295,Urgent,2020-02-09,Lipitor,Normal,Adult (36-50),19,2020,1,January,Pulmonology
23,KatHRYn StewArt,58,Female,O+,Arthritis,2022-05-12,Vanessa Newton,Clark-Mayo,Aetna,5998.1,327,Urgent,2022-06-10,Lipitor,Inconclusive,Middle Age (51-65),29,2022,5,May,Orthopedics
24,dR. EilEEn thomPsoN,59,Male,A+,Asthma,2021-08-02,Donna Martinez MD,and Sons Smith,Aetna,25250.05,119,Urgent,2021-08-12,Lipitor,Inconclusive,Middle Age (51-65),10,2021,8,August,Pulmonology
25,PAUl hEndERsOn,72,Female,AB+,Hypertension,2020-05-15,Stephanie Kramer,Wilson Group,Medicare,33211.3,109,Emergency,2020-06-08,Paracetamol,Inconclusive,Senior (65+),24,2020,5,May,Cardiology
26,PeTER fiTzgeRaLd,73,Male,AB+,Obesity,2020-05-15,Angela Contreras,Garner-Bowman,Medicare,19746.83,162,Urgent,2020-05-20,Aspirin,Abnormal,Senior (65+),5,2020,5,May,Endocrinology
27,cathy sMaLl,51,Female,O-,Asthma,2023-12-23,Wendy Glenn,"Brown, and Jones Weaver",Blue Cross,26786.53,401,Elective,2024-01-19,Ibuprofen,Normal,Middle Age (51-65),27,2023,12,December,Pulmonology
28,mr. KenNEth MoORE,34,Female,A+,Diabetes,2022-06-21,James Ellis,Serrano-Dixon,UnitedHealthcare,18834.8,157,Emergency,2022-06-30,Lipitor,Abnormal,Young Adult (20-35),9,2022,6,June,Endocrinology
29,MaRy hUNter,38,Female,O-,Hypertension,2021-01-03,Jared Bruce Jr.,Gardner-Miller,Cigna,32643.3,223,Emergency,2021-01-16,Penicillin,Normal,Adult (36-50),13,2021,1,January,Cardiology
30,jOSHUA OLiVer,63,Female,B+,Hypertension,2023-10-03,Brandy Mitchell,Guerrero-Boone,Aetna,5767.01,293,Elective,2023-10-12,Paracetamol,Abnormal,Middle Age (51-65),9,2023,10,October,Cardiology
31,ThOMAS MartInEZ,34,Male,B-,Asthma,2019-08-18,Jacob Huynh,Hart Ltd,Cigna,47909.13,371,Urgent,2019-09-01,Ibuprofen,Inconclusive,Young Adult (20-35),14,2019,8,August,Pulmonology
32,JAmES pattERson,23,Female,A+,Arthritis,2019-11-03,Kristina Frazier,Cruz-Santiago,UnitedHealthcare,25835.32,108,Urgent,2019-11-29,Penicillin,Abnormal,Young Adult (20-35),26,2019,11,November,Orthopedics
33,WilLIAM cOOPEr,78,Male,AB-,Arthritis,2023-05-18,John Hartman,Group Duncan,Medicare,17993.23,245,Elective,2023-06-15,Penicillin,Normal,Senior (65+),28,2023,5,May,Orthopedics
34,Erin oRTEga,43,Male,AB-,Cancer,2023-05-24,Heather Garcia,Lopez-Phillips,Medicare,21185.95,494,Elective,2023-06-03,Ibuprofen,Normal,Adult (36-50),10,2023,5,May,Oncology
35,NicOlE RodriGUEz,30,Female,AB+,Diabetes,2020-01-17,Lynn Young,Poole Inc,Blue Cross,8408.95,285,Emergency,2020-02-10,Lipitor,Normal,Young Adult (20-35),24,2020,1,January,Endocrinology
36,DAvID AndErSON,25,Female,AB+,Asthma,2021-01-07,Emma Allison,Sons and Cox,Medicare,45453.42,228,Elective,2021-01-26,Lipitor,Abnormal,Young Adult (20-35),19,2021,1,January,Pulmonology
37,DEnIse ToRRES,33,Male,AB+,Diabetes,2019-10-14,Laura Myers,LLC Martin,Aetna,4397.78,481,Urgent,2019-10-19,Paracetamol,Inconclusive,Young Adult (20-35),5,2019,10,October,Endocrinology
38,CasSAndrA Robinson,26,Female,B-,Hypertension,2021-12-19,Travis Parsons,Espinoza-Stone,Aetna,9380.33,212,Urgent,2022-01-16,Ibuprofen,Normal,Young Adult (20-35),28,2021,12,December,Cardiology
39,NIcOlE LUcErO,70,Female,O-,Diabetes,2022-03-12,Christine Johnson,"and Garcia Morris Cunningham,",Cigna,48290.69,113,Emergency,2022-03-29,Lipitor,Abnormal,Senior (65+),17,2022,3,March,Endocrinology
40,PAmela fErNanDeZ,57,Female,B-,Obesity,2021-01-17,Emily Taylor,Walton-Meyer,Medicare,32973.94,272,Urgent,2021-01-29,Penicillin,Abnormal,Middle Age (51-65),12,2021,1,January,Endocrinology
41,chRiSTOPHer LEe,74,Female,B-,Hypertension,2021-09-15,William Reynolds,PLC Young,Cigna,49943.28,478,Emergency,2021-10-05,Lipitor,Normal,Senior (65+),20,2021,9,September,Cardiology
42,ThomAS morsE,81,Male,A+,Hypertension,2020-01-27,Jennifer Carter,Meadows Group,Cigna,35633.96,196,Urgent,2020-02-09,Aspirin,Normal,Senior (65+),13,2020,1,January,Cardiology
43,Mr. eRiC Lane,49,Female,A-,Asthma,2022-06-24,Matthew Thomas,"and Howell Brooks, Rogers",Cigna,25966.33,418,Elective,2022-07-18,Paracetamol,Normal,Adult (36-50),24,2022,6,June,Pulmonology
44,KAThEriNE SmiTH,26,Female,AB+,Obesity,2021-06-09,Mary Logan,"and Mcclure White Boone,",UnitedHealthcare,21784.45,410,Urgent,2021-07-01,Paracetamol,Normal,Young Adult (20-35),22,2021,6,June,Endocrinology
45,pAUL wILLiAmS,81,Female,AB-,Cancer,2020-08-23,Kristin Martinez,"Gates Brown, and Stuart",Medicare,42684.56,328,Urgent,2020-09-08,Penicillin,Abnormal,Senior (65+),16,2020,8,August,Oncology
46,lYNn MaRtinez,65,Male,O+,Cancer,2022-10-12,Daniel Murphy,Group Armstrong,Medicare,45585.89,300,Emergency,2022-11-02,Penicillin,Normal,Middle Age (51-65),21,2022,10,October,Oncology
47,chRIsTOpHEr CHaPmAN,31,Female,O+,Hypertension,2021-12-01,Emily Patterson,Ltd Schwartz,Cigna,29615.44,211,Elective,2021-12-09,Paracetamol,Normal,Young Adult (20-35),8,2021,12,December,Cardiology
48,CHRis fRYe,58,Male,A-,Diabetes,2020-05-04,Heather Smith,Nelson-Phillips,Cigna,36992.27,413,Urgent,2020-05-13,Aspirin,Normal,Middle Age (51-65),9,2020,5,May,Endocrinology
49,kyLE bEnneTT,22,Male,O+,Hypertension,2023-09-09,John Smith,"Knight and Nguyen, Riggs",UnitedHealthcare,28051.5,157,Urgent,2023-09-23,Ibuprofen,Abnormal,Young Adult (20-35),14,2023,9,September,Cardiology
50,BRandOn coLLINS,77,Female,O+,Asthma,2019-07-19,Cameron Young,Lopez PLC,Cigna,16320.23,138,Urgent,2019-07-29,Ibuprofen,Abnormal,Senior (65+),10,2019,7,July,Pulmonology
51,mIchael LiU,30,Male,AB-,Hypertension,2024-04-05,Vicki Nguyen,"Fernandez and Phillips, Singh",Medicare,30590.54,456,Emergency,2024-04-22,Paracetamol,Inconclusive,Young Adult (20-35),17,2024,4,April,Cardiology
52,STepHaNie kEnt,42,Female,A-,Cancer,2019-06-15,Mary Moss,Beck-Galloway,Aetna,14681.02,234,Emergency,2019-07-05,Ibuprofen,Abnormal,Adult (36-50),20,2019,6,June,Oncology
53,JessE BaNks,67,Female,AB+,Cancer,2022-10-29,Alexander Garcia,"Decker Glover, and Christensen",Aetna,21879.53,492,Urgent,2022-11-20,Penicillin,Inconclusive,Senior (65+),22,2022,10,October,Oncology
54,PeGGY LEe,24,Female,A-,Obesity,2022-04-08,Patrick Burns,"Nelson Walker Myers, and",UnitedHealthcare,6767.63,180,Elective,2022-04-13,Lipitor,Abnormal,Young Adult (20-35),5,2022,4,April,Endocrinology
55,TAmARa hErNAndez,84,Female,B-,Asthma,2023-08-17,Kayla Powers,Mitchell-Navarro,Cigna,19973.46,250,Elective,2023-09-11,Ibuprofen,Inconclusive,Senior (65+),25,2023,8,August,Pulmonology
56,mR. DAVID pIERce Md,73,Female,A-,Hypertension,2023-11-05,Julia Cox,Group Delgado,UnitedHealthcare,14362.31,296,Emergency,2023-11-07,Paracetamol,Inconclusive,Senior (65+),2,2023,11,November,Cardiology
57,beThaNY MoOrE,55,Female,A+,Cancer,2023-04-09,Penny Pruitt,"and Montes Graves, Thomas",Cigna,10300.66,330,Emergency,2023-04-21,Paracetamol,Normal,Middle Age (51-65),12,2023,4,April,Oncology
58,MIChael MIllS,23,Male,O-,Hypertension,2022-09-21,Mrs. Lori Hurst PhD,Hall-Bentley,Aetna,37951.66,405,Emergency,2022-09-25,Ibuprofen,Inconclusive,Young Adult (20-35),4,2022,9,September,Cardiology
59,kyle Wiley,40,Female,AB-,Cancer,2021-01-21,Stephen Carr,Taylor-Nguyen,Aetna,6733.99,300,Urgent,2021-02-06,Ibuprofen,Normal,Adult (36-50),16,2021,1,January,Oncology
60,jACqUeLINE jORdaN,51,Male,O+,Hypertension,2020-07-10,Jacob Daniel,Hunter-Grant,Aetna,17839.75,306,Elective,2020-07-20,Paracetamol,Abnormal,Middle Age (51-65),10,2020,7,July,Cardiology
61,ASHleY guTIERreZ,83,Male,AB+,Obesity,2019-11-06,Tyler Braun,Miller-Lawson,Aetna,24637.09,333,Elective,2019-11-22,Paracetamol,Inconclusive,Senior (65+),16,2019,11,November,Endocrinology
62,Kim ScOtt,63,Male,A-,Asthma,2024-04-07,Cindy Ellis,Scott-Kelly,UnitedHealthcare,39723.17,244,Emergency,2024-05-04,Ibuprofen,Inconclusive,Middle Age (51-65),27,2024,4,April,Pulmonology
63,tRAvIs carTeR,18,Male,A+,Cancer,2022-07-06,Megan Hahn,"Moss and Ferguson, Baker",UnitedHealthcare,48407.39,325,Emergency,2022-07-18,Aspirin,Normal,Teen (13-19),12,2022,7,July,Oncology
64,LArry rodgeRs,23,Female,B-,Hypertension,2022-08-03,Eric Kelly,"and Mason Smith Chase,",Cigna,5517.39,113,Elective,2022-08-10,Aspirin,Inconclusive,Young Adult (20-35),7,2022,8,August,Cardiology
65,Nancy glOVeR,58,Male,A-,Hypertension,2020-05-08,Jennifer Larson,"Khan, and Rodriguez Fischer",Medicare,19183.17,378,Emergency,2020-06-01,Aspirin,Abnormal,Middle Age (51-65),24,2020,5,May,Cardiology
66,JessIca king,27,Male,AB-,Cancer,2019-12-09,William Hess,Sons Watson and,Medicare,8320.66,468,Urgent,2019-12-21,Lipitor,Abnormal,Young Adult (20-35),12,2019,12,December,Oncology
67,ChRiStOPhER gOnzAlez,59,Male,B+,Diabetes,2019-11-21,Patricia Dunn,Rhodes-Carey,Medicare,10107.19,368,Emergency,2019-12-08,Penicillin,Abnormal,Middle Age (51-65),17,2019,11,November,Endocrinology
68,jOhN hARTmAN,27,Male,B-,Hypertension,2023-01-07,Jack Jackson,Bullock-Ramsey,Cigna,49402.3,263,Elective,2023-01-27,Lipitor,Inconclusive,Young Adult (20-35),20,2023,1,January,Cardiology
69,MicHAEl MillEr,31,Male,B+,Diabetes,2024-02-06,Jonathan Drake,"Clark Brown, and Myers",UnitedHealthcare,35776.82,489,Emergency,2024-02-10,Penicillin,Normal,Young Adult (20-35),4,2024,2,February,Endocrinology
70,Erica myERS,19,Female,A+,Arthritis,2020-01-30,Ian Benitez,"Jackson and Lane, Dillon",Medicare,20227.86,241,Elective,2020-02-12,Penicillin,Normal,Teen (13-19),13,2020,1,January,Orthopedics
71,cAROl PaTtERSoN,29,Female,O+,Cancer,2022-10-24,Jamie Baker,"Turner Cook, Banks and",Blue Cross,19328.12,231,Urgent,2022-11-07,Ibuprofen,Normal,Young Adult (20-35),14,2022,10,October,Oncology
72,JOSe LopEz,18,Male,A-,Obesity,2022-01-09,Erika Jackson,"Miles, and Weaver Hudson",Aetna,46956.55,377,Emergency,2022-01-15,Aspirin,Inconclusive,Teen (13-19),6,2022,1,January,Endocrinology
73,kEVIn SiMmoNs Jr.,24,Male,AB-,Cancer,2023-12-28,Amanda Garcia,Evans Ltd,Cigna,10709.69,407,Emergency,2024-01-02,Paracetamol,Abnormal,Young Adult (20-35),5,2023,12,December,Oncology
74,DuANe HaneY,27,Male,AB-,Diabetes,2021-09-16,Raven Wong,Sons and Schaefer,Aetna,45353.99,263,Urgent,2021-10-14,Penicillin,Abnormal,Young Adult (20-35),28,2021,9,September,Endocrinology
75,JONathAn yaTeS,57,Female,AB-,Arthritis,2023-07-24,Cynthia Scott,Sons Hodges and,Aetna,8451.0,135,Elective,2023-08-11,Paracetamol,Abnormal,Middle Age (51-65),18,2023,7,July,Orthopedics
76,johN THoMaS,74,Female,A+,Arthritis,2021-11-13,Mark Padilla,Simpson-Mccall,UnitedHealthcare,29850.88,131,Emergency,2021-12-07,Paracetamol,Inconclusive,Senior (65+),24,2021,11,November,Orthopedics
77,AdriaN BuckLEY,22,Female,A-,Arthritis,2023-10-11,Julie Ramirez,"Lin Thompson Wells, and",Blue Cross,42696.52,102,Urgent,2023-10-27,Penicillin,Normal,Young Adult (20-35),16,2023,10,October,Orthopedics
78,apRil SANTIAgO,33,Female,B-,Diabetes,2021-01-30,Jacob Rich,Jones-Scott,Cigna,2305.14,249,Emergency,2021-02-04,Penicillin,Inconclusive,Young Adult (20-35),5,2021,1,January,Endocrinology
79,DIane scHultz,57,Male,B+,Arthritis,2021-11-21,Mark Hartman Jr.,Howe-Kelly,UnitedHealthcare,44437.47,255,Emergency,2021-12-05,Penicillin,Inconclusive,Middle Age (51-65),14,2021,11,November,Orthopedics
80,tiMOThY myers,61,Male,B+,Cancer,2024-03-02,Timothy Baker,and Sons Reyes,UnitedHealthcare,29504.39,422,Urgent,2024-03-26,Ibuprofen,Inconclusive,Middle Age (51-65),24,2024,3,March,Oncology
81,NICOLE HUGhes,20,Male,O+,Arthritis,2020-12-04,Lori Sanchez,Shaw-Young,Blue Cross,34617.79,320,Emergency,2020-12-08,Ibuprofen,Abnormal,Young Adult (20-35),4,2020,12,December,Orthopedics
82,ChAd MorEnO,67,Male,AB+,Hypertension,2020-08-26,Connie Boyd,Inc Skinner,Aetna,46814.01,134,Urgent,2020-08-27,Penicillin,Abnormal,Senior (65+),1,2020,8,August,Cardiology
83,SeaN jenniNGs,80,Female,AB-,Diabetes,2023-11-12,James Tucker,Clark-Johnson,Blue Cross,20257.54,255,Elective,2023-12-12,Penicillin,Abnormal,Senior (65+),30,2023,11,November,Endocrinology
84,DIAnE brAnch,44,Male,O+,Obesity,2020-05-30,Juan Acevedo,Perez and Sons,Cigna,22841.36,410,Emergency,2020-06-14,Aspirin,Inconclusive,Adult (36-50),15,2020,5,May,Endocrinology
85,cindY OROzco,26,Female,B-,Asthma,2023-05-12,Julie Finley,Kemp LLC,Medicare,10283.72,273,Emergency,2023-06-10,Ibuprofen,Abnormal,Young Adult (20-35),29,2023,5,May,Pulmonology
86,pAtriCIa MEdinA,80,Male,AB+,Cancer,2022-07-07,Miguel Parker,LLC Dixon,UnitedHealthcare,1586.48,395,Emergency,2022-07-23,Ibuprofen,Normal,Senior (65+),16,2022,7,July,Oncology
87,kayLa padillA,63,Male,B-,Asthma,2020-09-24,Jermaine Peters,"and Morales Jennings Cook,",Aetna,34774.35,152,Emergency,2020-10-08,Penicillin,Inconclusive,Middle Age (51-65),14,2020,9,September,Pulmonology
88,JUan klEiN,58,Female,B-,Arthritis,2023-08-19,Lisa Edwards,Group Hood,UnitedHealthcare,24870.1,321,Emergency,2023-08-25,Ibuprofen,Inconclusive,Middle Age (51-65),6,2023,8,August,Orthopedics
89,wILLIAM hIlL,38,Female,A+,Cancer,2023-05-16,Matthew Walker,Lindsey Inc,Cigna,39476.95,428,Elective,2023-06-01,Aspirin,Abnormal,Adult (36-50),16,2023,5,May,Oncology
90,CARL BEst,60,Male,B+,Hypertension,2022-08-22,Gregory Hansen,Ltd Wang,Blue Cross,26062.43,482,Elective,2022-09-07,Paracetamol,Inconclusive,Middle Age (51-65),16,2022,8,August,Cardiology
91,TInA GriFfin,49,Male,B+,Cancer,2022-06-17,Jessica Cruz,Inc Ford,Medicare,25302.11,268,Elective,2022-06-28,Penicillin,Abnormal,Adult (36-50),11,2022,6,June,Oncology
92,MR. TYler TAYLOR Phd,80,Male,A+,Diabetes,2022-11-05,Robert Salazar,Dean-Hawkins,UnitedHealthcare,10661.51,120,Emergency,2022-11-25,Lipitor,Abnormal,Senior (65+),20,2022,11,November,Endocrinology
93,TAyLoR howeLl Dds,35,Female,B+,Diabetes,2021-09-10,Kyle Patterson,Walter PLC,Blue Cross,30358.19,318,Elective,2021-09-18,Ibuprofen,Inconclusive,Young Adult (20-35),8,2021,9,September,Endocrinology
94,mIcHAeL MaRTIn,84,Male,A+,Asthma,2022-09-06,John Summers,Sons Horn and,Cigna,23684.53,162,Urgent,2022-09-27,Ibuprofen,Inconclusive,Senior (65+),21,2022,9,September,Pulmonology
95,heatHER mIller,76,Male,A+,Diabetes,2021-04-17,Scott Grant,"Powell Ward, and Mercado",Aetna,3908.95,428,Elective,2021-05-10,Lipitor,Inconclusive,Senior (65+),23,2021,4,April,Endocrinology
96,cathERinE gArDnEr,79,Female,A-,Hypertension,2019-08-19,David Ruiz,James Ltd,Medicare,25503.67,144,Elective,2019-08-26,Lipitor,Abnormal,Senior (65+),7,2019,8,August,Cardiology
97,ANNE THOMPSoN,76,Female,O+,Diabetes,2024-03-24,Kyle Smith,Kemp-Munoz,Aetna,6312.61,226,Elective,2024-04-14,Aspirin,Abnormal,Senior (65+),21,2024,3,March,Endocrinology
98,TOdd coopeR,55,Female,A+,Diabetes,2022-12-10,Jason Price,Henderson-Taylor,UnitedHealthcare,21772.34,459,Elective,2022-12-31,Ibuprofen,Normal,Middle Age (51-65),21,2022,12,December,Endocrinology
99,PhILLIP lyOnS,53,Male,B-,Cancer,2022-09-14,Stephanie Clements,"Parsons, Hartman Martinez and",Blue Cross,30437.0,208,Elective,2022-09-18,Aspirin,Normal,Middle Age (51-65),4,2022,9,September,Oncology
100,MaRk foRD,18,Male,B+,Asthma,2022-10-18,Steven James,Luna Inc,UnitedHealthcare,28837.68,227,Elective,2022-11-11,Aspirin,Abnormal,Teen (13-19),24,2022,10,October,Pulmonology
101,mARcUS ZAmorA,69,Male,O+,Arthritis,2021-11-13,Jeremiah Wolf,"Hernandez, Ritter and Huffman",Cigna,25425.73,115,Elective,2021-11-21,Aspirin,Normal,Senior (65+),8,2021,11,November,Orthopedics
102,KaTiE hENry,70,Male,B+,Diabetes,2022-07-08,Roberto Petersen,Reed LLC,Aetna,7187.27,402,Emergency,2022-07-25,Aspirin,Normal,Senior (65+),17,2022,7,July,Endocrinology
103,wilLIAm morTON,21,Male,A+,Diabetes,2023-06-25,Christina Hammond,Thompson-Walker,UnitedHealthcare,3125.74,442,Urgent,2023-07-11,Ibuprofen,Normal,Young Adult (20-35),16,2023,6,June,Endocrinology
104,KaTRina maRTin,47,Male,A-,Diabetes,2019-07-09,Patricia Colon,Group Nguyen,Medicare,31516.1,418,Elective,2019-08-05,Penicillin,Inconclusive,Adult (36-50),27,2019,7,July,Endocrinology
105,HunTeR mckAy,85,Male,A-,Arthritis,2021-05-14,Dominic Mitchell,Newton-White,UnitedHealthcare,40014.76,425,Emergency,2021-06-03,Aspirin,Abnormal,Senior (65+),20,2021,5,May,Orthopedics
106,dWAYnE DAViS,28,Male,O+,Cancer,2024-01-15,Wendy Davis,Ltd Thomas,Medicare,40782.93,373,Elective,2024-02-07,Ibuprofen,Abnormal,Young Adult (20-35),23,2024,1,January,Oncology
107,sARAH CalDweLL,62,Male,A-,Obesity,2019-09-30,Daniel Carson,"Pierce Ward, Torres and",Cigna,3879.08,290,Elective,2019-10-15,Aspirin,Inconclusive,Middle Age (51-65),15,2019,9,September,Endocrinology
108,DAVid higgInS,49,Female,B-,Arthritis,2021-03-05,Erin Henderson MD,"Evans and Hall Schneider,",Medicare,24948.48,361,Emergency,2021-03-20,Penicillin,Abnormal,Adult (36-50),15,2021,3,March,Orthopedics
109,bRADlEY coMbS,52,Male,AB-,Hypertension,2021-05-14,Christopher Butler,Stout-Brown,Cigna,37734.74,251,Elective,2021-06-06,Penicillin,Abnormal,Middle Age (51-65),23,2021,5,May,Cardiology
110,chrisTiNa SChMitt,53,Male,B+,Cancer,2023-06-08,Samuel Robles,Cruz Ltd,UnitedHealthcare,27360.46,231,Elective,2023-07-05,Ibuprofen,Abnormal,Middle Age (51-65),27,2023,6,June,Oncology
111,coLtoN stRONg,55,Male,AB-,Asthma,2022-05-13,Benjamin Webb,Stewart Sons and,Aetna,37405.7,212,Elective,2022-05-20,Paracetamol,Normal,Middle Age (51-65),7,2022,5,May,Pulmonology
112,MARK priCE,18,Male,B-,Arthritis,2022-09-22,Krystal Fox,"Hall Roberts and Duarte,",Medicare,31485.97,440,Emergency,2022-10-14,Ibuprofen,Normal,Teen (13-19),22,2022,9,September,Orthopedics
113,sUZaNnE SchNeIder,52,Male,AB-,Hypertension,2023-08-25,Bruce Garrett,Ramirez-Robinson,Medicare,23737.4,414,Urgent,2023-09-18,Lipitor,Normal,Middle Age (51-65),24,2023,8,August,Cardiology
114,MIchaEL HUrLEY,67,Male,AB-,Obesity,2019-06-02,Jonathan Watson,"Garcia, and Bishop Hernandez",Aetna,3326.38,424,Emergency,2019-06-04,Lipitor,Inconclusive,Senior (65+),2,2019,6,June,Endocrinology
115,LIndsEy laMbErt,82,Female,A+,Hypertension,2021-11-19,Christopher Guerra,"and Brown Oneal, Shah",Medicare,23067.67,307,Elective,2021-12-12,Ibuprofen,Normal,Senior (65+),23,2021,11,November,Cardiology
116,reBEcCA PARsONs,37,Female,O+,Asthma,2019-12-02,Steven Adams,Group White,Aetna,8521.21,476,Elective,2019-12-13,Penicillin,Abnormal,Adult (36-50),11,2019,12,December,Pulmonology
117,jUdy joHNsoN,52,Female,AB-,Cancer,2020-08-21,Victoria Patel,"Hughes and Erickson, Anderson",Cigna,47985.17,388,Elective,2020-09-06,Penicillin,Inconclusive,Middle Age (51-65),16,2020,8,August,Oncology
118,TOnyA caMpbell,37,Female,B+,Asthma,2021-02-12,Louis Bell,Lane-Kelly,UnitedHealthcare,25230.25,326,Elective,2021-03-11,Ibuprofen,Inconclusive,Adult (36-50),27,2021,2,February,Pulmonology
119,JAMEs Ross,83,Female,A+,Diabetes,2024-01-13,Michael Baker,Cox-Hester,Blue Cross,10352.21,394,Urgent,2024-01-22,Aspirin,Abnormal,Senior (65+),9,2024,1,January,Endocrinology
120,SaRA COOk,33,Male,O-,Arthritis,2021-12-26,Douglas Fleming,"Jarvis Scott, Fleming and",Medicare,6175.87,138,Urgent,2022-01-12,Aspirin,Abnormal,Young Adult (20-35),17,2021,12,December,Orthopedics
121,annE howeLl,22,Female,A-,Obesity,2022-08-22,Patrick Carter,Cline-Carpenter,Blue Cross,23499.94,178,Urgent,2022-09-07,Penicillin,Normal,Young Adult (20-35),16,2022,8,August,Endocrinology
122,RENEE bAilEY,19,Female,B+,Cancer,2021-07-03,Sarah Shaffer,"Johnson, and Ross Harris",Medicare,33681.57,177,Elective,2021-07-31,Ibuprofen,Abnormal,Teen (13-19),28,2021,7,July,Oncology
123,Jeffrey tuRNER,85,Female,O+,Obesity,2020-05-31,Matthew Carter,"Kim Rosario, and Hammond",Aetna,39957.94,211,Urgent,2020-06-01,Ibuprofen,Normal,Senior (65+),1,2020,5,May,Endocrinology
124,DR. LaUreN ClaRk DDs,19,Male,B+,Cancer,2020-10-26,Brian Wagner,PLC Jimenez,UnitedHealthcare,49833.71,302,Elective,2020-11-17,Lipitor,Inconclusive,Teen (13-19),22,2020,10,October,Oncology
125,terRY THoMaS,50,Female,B-,Asthma,2021-06-03,Lucas Cole,Cantu-Berry,Aetna,48175.47,368,Urgent,2021-07-01,Paracetamol,Inconclusive,Adult (36-50),28,2021,6,June,Pulmonology
126,JasOn baKEr,50,Female,O-,Obesity,2020-10-24,Julia Yoder,Wright-Alexander,UnitedHealthcare,40133.97,130,Urgent,2020-11-13,Ibuprofen,Normal,Adult (36-50),20,2020,10,October,Endocrinology
127,JEssicA gUtiERrEz,40,Male,O+,Obesity,2019-08-27,Crystal Chavez,Guzman-Carlson,Aetna,9585.95,424,Urgent,2019-09-06,Lipitor,Inconclusive,Adult (36-50),10,2019,8,August,Endocrinology
128,COURTNey HOdGes,57,Male,AB-,Obesity,2021-11-30,Brenda Lopez,Meyer-Hill,Medicare,40693.35,430,Emergency,2021-12-09,Aspirin,Abnormal,Middle Age (51-65),9,2021,11,November,Endocrinology
129,ANthONy reYEs,82,Male,AB+,Obesity,2023-10-15,Michael Cole,Dudley-Atkinson,UnitedHealthcare,16399.27,133,Emergency,2023-11-08,Penicillin,Abnormal,Senior (65+),24,2023,10,October,Endocrinology
130,LeaH cRoSs Dds,20,Male,AB+,Diabetes,2024-03-17,Michael Larson,Kelly-Allen,Blue Cross,44939.57,430,Emergency,2024-03-28,Ibuprofen,Inconclusive,Young Adult (20-35),11,2024,3,March,Endocrinology
131,PaUL MaRTinEz,20,Male,B+,Hypertension,2019-10-13,Tracey Spence,"Lewis Livingston, Lowe and",Blue Cross,10663.91,104,Emergency,2019-10-16,Aspirin,Normal,Young Adult (20-35),3,2019,10,October,Cardiology
132,DenisE rOdRIGuEZ,19,Female,A-,Hypertension,2020-03-02,Susan Gibson,Rodriguez Ltd,Cigna,22564.79,408,Elective,2020-03-07,Paracetamol,Normal,Teen (13-19),5,2020,3,March,Cardiology
133,SEaN carDenaS,55,Male,B-,Diabetes,2021-02-07,Todd Sanchez,"Holmes and Hughes, Phillips",Cigna,34758.26,331,Emergency,2021-03-05,Aspirin,Normal,Middle Age (51-65),26,2021,2,February,Endocrinology
134,aLaN AlVaREz,81,Male,B+,Hypertension,2021-10-25,Elizabeth Morales,"and Smith, Tucker Cross",UnitedHealthcare,46377.87,275,Urgent,2021-11-22,Lipitor,Normal,Senior (65+),28,2021,10,October,Cardiology
135,JeSsICA phiLliPS,26,Male,O-,Hypertension,2022-07-24,Kimberly Petersen,Sons and Lozano,Blue Cross,7555.77,425,Elective,2022-07-31,Paracetamol,Abnormal,Young Adult (20-35),7,2022,7,July,Cardiology
136,tiMOthY CoLemaN,54,Female,AB+,Cancer,2020-03-04,Misty Garcia,Russell Ltd,UnitedHealthcare,14299.99,480,Emergency,2020-03-05,Lipitor,Abnormal,Middle Age (51-65),1,2020,3,March,Oncology
137,cHristina wooDS,57,Male,B-,Arthritis,2021-08-01,Melissa Fernandez,Jones Ltd,Cigna,46429.51,233,Elective,2021-08-19,Paracetamol,Inconclusive,Middle Age (51-65),18,2021,8,August,Orthopedics
138,mELIssa sCOtt,38,Female,AB+,Asthma,2020-01-24,Kari Moore,Gordon-Ward,Medicare,17978.95,384,Elective,2020-02-12,Ibuprofen,Abnormal,Adult (36-50),19,2020,1,January,Pulmonology
139,GaRy hoPkiNS,54,Male,O+,Obesity,2021-07-30,David Hubbard,Barnes and Sons,Medicare,32629.07,380,Elective,2021-08-13,Paracetamol,Normal,Middle Age (51-65),14,2021,7,July,Endocrinology
140,aPRIL VAleNCIA,42,Male,A+,Diabetes,2024-01-04,Lonnie Morgan,Levine-Miller,Medicare,22356.23,310,Urgent,2024-02-03,Aspirin,Inconclusive,Adult (36-50),30,2024,1,January,Endocrinology
141,riTA archER,20,Male,O-,Diabetes,2024-01-05,Victoria Gonzales,"and Marquez Silva Smith,",Medicare,48995.98,406,Elective,2024-02-04,Lipitor,Normal,Young Adult (20-35),30,2024,1,January,Endocrinology
142,kIm PenA,44,Female,O-,Hypertension,2020-08-11,Cindy White,Jackson-Copeland,UnitedHealthcare,4532.48,213,Emergency,2020-09-04,Lipitor,Inconclusive,Adult (36-50),24,2020,8,August,Cardiology
143,jaSoN FOlEy,54,Male,B+,Diabetes,2022-06-17,Douglas Li,"Perez and Ochoa White,",Medicare,35521.58,130,Elective,2022-06-24,Paracetamol,Normal,Middle Age (51-65),7,2022,6,June,Endocrinology
144,ShAUN GuzmAn,21,Female,AB-,Arthritis,2022-04-02,Lori Mendoza,Ltd Conrad,Aetna,1589.5,244,Emergency,2022-04-09,Aspirin,Inconclusive,Young Adult (20-35),7,2022,4,April,Orthopedics
145,MATTHeW wHite,45,Female,AB+,Diabetes,2020-06-03,Ryan Ross,Hampton-Thomas,Medicare,22950.65,233,Elective,2020-06-22,Ibuprofen,Abnormal,Adult (36-50),19,2020,6,June,Endocrinology
146,aLExiS wilsOn,68,Female,B+,Arthritis,2019-08-16,Brian Walton,Thomas-Kelley,Aetna,2678.95,427,Urgent,2019-08-21,Paracetamol,Abnormal,Senior (65+),5,2019,8,August,Orthopedics
147,JaCQueLiNE maRshAll,27,Male,A+,Hypertension,2024-02-22,Michael Berg,Myers-Monroe,UnitedHealthcare,39615.6,500,Urgent,2024-02-24,Penicillin,Inconclusive,Young Adult (20-35),2,2024,2,February,Cardiology
148,RoBErt hIGGInS,42,Male,AB-,Asthma,2021-05-06,Scott Davis,"and Ford Lee, Rodriguez",Medicare,13355.78,451,Elective,2021-05-29,Ibuprofen,Inconclusive,Adult (36-50),23,2021,5,May,Pulmonology
149,SierRa MoRTON,27,Female,B-,Asthma,2021-10-27,Daniel Shelton,Sons Garcia and,Aetna,32561.53,485,Elective,2021-11-04,Ibuprofen,Inconclusive,Young Adult (20-35),8,2021,10,October,Pulmonology
150,nATAliE sTANtoN,80,Male,B+,Asthma,2020-09-01,Tara Moreno,"Perry Little, and Moore",Medicare,29221.34,208,Emergency,2020-09-17,Paracetamol,Inconclusive,Senior (65+),16,2020,9,September,Pulmonology
151,jEssica aceveDo,21,Male,O+,Diabetes,2021-05-26,Kristie Morgan,Anderson Group,Medicare,12880.65,267,Urgent,2021-06-22,Penicillin,Normal,Young Adult (20-35),27,2021,5,May,Endocrinology
152,JENnIfEr mCmillan,84,Female,A-,Obesity,2022-06-22,Joseph Jones,Rodriguez and Sons,Aetna,15475.4,154,Elective,2022-07-22,Ibuprofen,Abnormal,Senior (65+),30,2022,6,June,Endocrinology
153,ChRISTopher mccLAiN,67,Female,O-,Arthritis,2023-05-17,Maria Tran,Thomas-Huber,Medicare,27309.44,293,Elective,2023-05-31,Aspirin,Abnormal,Senior (65+),14,2023,5,May,Orthopedics
154,kevIn HiCKs,66,Male,AB+,Arthritis,2021-06-23,Kelly Murphy,Robinson Inc,Medicare,1897.89,196,Elective,2021-07-09,Ibuprofen,Abnormal,Senior (65+),16,2021,6,June,Orthopedics
155,MELIndA richARds,37,Female,A-,Cancer,2023-11-17,Katherine Brown,Wood-Mathews,Aetna,31308.21,466,Urgent,2023-11-25,Penicillin,Normal,Adult (36-50),8,2023,11,November,Oncology
156,roBYn miRaNDa,30,Female,A-,Diabetes,2020-10-11,Elizabeth Frank,"Walker and Gardner Fernandez,",Medicare,42792.24,468,Elective,2020-10-21,Ibuprofen,Abnormal,Young Adult (20-35),10,2020,10,October,Endocrinology
157,scoTt caSTillO,78,Male,O+,Diabetes,2021-08-10,Alyssa Edwards,"Smith and Johnston, Collins",Cigna,14377.33,114,Emergency,2021-08-27,Penicillin,Abnormal,Senior (65+),17,2021,8,August,Endocrinology
158,jOHN GarciA,39,Female,A+,Diabetes,2023-08-29,Jesse Thomas,Sons Miller and,UnitedHealthcare,1150.87,408,Urgent,2023-09-07,Penicillin,Abnormal,Adult (36-50),9,2023,8,August,Endocrinology
159,miCHAeL TayloR,29,Male,O-,Asthma,2020-02-27,Erica Mccormick,Donaldson-Frey,Medicare,41939.12,453,Elective,2020-03-26,Ibuprofen,Normal,Young Adult (20-35),28,2020,2,February,Pulmonology
160,jeFfReY WoOd,81,Female,AB-,Cancer,2021-07-07,Amber Holmes,Brown-Yoder,UnitedHealthcare,41982.37,261,Elective,2021-07-15,Aspirin,Abnormal,Senior (65+),8,2021,7,July,Oncology
161,MiCHAEl smIth,66,Female,AB-,Obesity,2022-06-03,Austin Jackson,"Morgan Rios and Keller,",Cigna,33861.02,115,Elective,2022-06-27,Aspirin,Normal,Senior (65+),24,2022,6,June,Endocrinology
162,wiLLiam grIFfItH,65,Male,B-,Asthma,2020-02-20,Shane Morris,Gonzalez-King,Aetna,49321.16,167,Emergency,2020-03-01,Penicillin,Abnormal,Middle Age (51-65),10,2020,2,February,Pulmonology
163,CHrISTiNa lAwReNCe,80,Male,AB-,Asthma,2021-02-05,Brent Smith,Wagner Ltd,Cigna,47433.28,179,Elective,2021-03-05,Penicillin,Inconclusive,Senior (65+),28,2021,2,February,Pulmonology
164,jeSsiCA HolmeS,72,Female,O-,Arthritis,2020-10-24,Kayla Davis,"and Brown White, Jones",Medicare,19065.06,490,Emergency,2020-11-02,Paracetamol,Abnormal,Senior (65+),9,2020,10,October,Orthopedics
165,traCEY grEenE,85,Male,O-,Cancer,2023-12-06,Rose Zuniga,James-Smith,Cigna,50142.03,258,Elective,2023-12-19,Ibuprofen,Abnormal,Senior (65+),13,2023,12,December,Oncology
166,aMAnda lOpeZ,68,Female,O+,Hypertension,2021-12-21,Ethan Wagner,Hanson Group,Aetna,12081.68,483,Urgent,2021-12-30,Lipitor,Abnormal,Senior (65+),9,2021,12,December,Cardiology
167,LaurA pEtErS,56,Female,A-,Cancer,2023-09-03,Phillip Williams,Mcclain-Reed,Aetna,18030.79,273,Elective,2023-09-30,Lipitor,Inconclusive,Middle Age (51-65),27,2023,9,September,Oncology
168,LAUrEn ANDErSOn,53,Female,O-,Asthma,2020-10-18,Maureen Hill,Young-Smith,Medicare,5142.16,120,Elective,2020-11-10,Paracetamol,Abnormal,Middle Age (51-65),23,2020,10,October,Pulmonology
169,wILliAm CAmpos,37,Female,B+,Asthma,2021-07-07,Heidi Compton MD,Hart-Brock,UnitedHealthcare,19851.24,202,Elective,2021-07-24,Penicillin,Normal,Adult (36-50),17,2021,7,July,Pulmonology
170,jEssiCa GoNzAleS,57,Female,O+,Hypertension,2023-08-28,Kimberly Gonzalez,"Jones and Jones, Turner",Cigna,20545.87,198,Urgent,2023-09-16,Penicillin,Abnormal,Middle Age (51-65),19,2023,8,August,Cardiology
171,brUcE gOnzaleS,36,Male,O+,Arthritis,2019-11-17,Rebecca Morgan,Spears-Shah,Cigna,36869.73,368,Urgent,2019-12-01,Penicillin,Normal,Adult (36-50),14,2019,11,November,Orthopedics
172,rOBert WAlsH,20,Female,B+,Cancer,2020-11-22,Sabrina Rogers,"and Anderson Smith Sanchez,",Cigna,40598.42,113,Elective,2020-12-17,Paracetamol,Normal,Young Adult (20-35),25,2020,11,November,Oncology
173,lIsA LeWis,83,Male,O-,Asthma,2021-11-13,Kevin Brown,"Tran, and Ferrell Garcia",Aetna,18198.06,308,Urgent,2021-12-08,Ibuprofen,Normal,Senior (65+),25,2021,11,November,Pulmonology
174,WiLlIaM RUiZ,79,Male,B+,Obesity,2022-02-13,Sarah Cole,Ltd Walton,Blue Cross,4920.04,278,Elective,2022-02-20,Paracetamol,Normal,Senior (65+),7,2022,2,February,Endocrinology
175,StEven BALdWIn,62,Male,O+,Diabetes,2019-05-16,Jennifer Hall,Group Rodriguez,UnitedHealthcare,3864.14,103,Urgent,2019-05-31,Aspirin,Inconclusive,Middle Age (51-65),15,2019,5,May,Endocrinology
176,meGAn CoLON,38,Male,AB+,Asthma,2021-08-04,Emily Cruz,Carr LLC,Blue Cross,21562.86,400,Urgent,2021-08-26,Paracetamol,Normal,Adult (36-50),22,2021,8,August,Pulmonology
177,kImbErlY brOoks,75,Female,B-,Cancer,2020-01-03,Michael Anderson,Rodriguez-Guerra,Medicare,11815.2,401,Elective,2020-01-27,Ibuprofen,Abnormal,Senior (65+),24,2020,1,January,Oncology
178,EdWARd SMiTh jR.,28,Male,A+,Hypertension,2022-09-13,Natalie Sellers,"Sullivan Mullins, Macias and",Cigna,25796.87,258,Urgent,2022-10-07,Lipitor,Abnormal,Young Adult (20-35),24,2022,9,September,Cardiology
179,aLliSoN CorDoVA,36,Male,O-,Hypertension,2020-12-19,Patrick Ochoa,Ballard PLC,UnitedHealthcare,4266.78,268,Emergency,2021-01-09,Lipitor,Normal,Adult (36-50),21,2020,12,December,Cardiology
180,lINdA THOMAs,54,Male,AB+,Obesity,2023-03-31,Daniel Rodgers,Liu-Wilson,Cigna,4751.16,192,Urgent,2023-04-29,Penicillin,Inconclusive,Middle Age (51-65),29,2023,3,March,Endocrinology
181,paRkEr moOrE,81,Female,B-,Diabetes,2020-05-08,Taylor Baldwin,LLC Lewis,Aetna,17968.5,285,Emergency,2020-05-28,Lipitor,Inconclusive,Senior (65+),20,2020,5,May,Endocrinology
182,tanya SOto,56,Female,AB+,Obesity,2023-07-31,Adam Ross,"Stokes Chambers and Martin,",Cigna,11311.33,302,Urgent,2023-08-02,Lipitor,Normal,Middle Age (51-65),2,2023,7,July,Endocrinology
183,mIChaEL jOrdaN,30,Male,AB-,Hypertension,2022-01-09,Amy Williams,Hernandez-Green,Blue Cross,47242.22,418,Emergency,2022-01-12,Ibuprofen,Inconclusive,Young Adult (20-35),3,2022,1,January,Cardiology
184,ChRiSTINA MArTin,64,Female,A-,Diabetes,2023-12-16,Martha Graham,Inc Lee,Cigna,17670.51,128,Elective,2024-01-15,Paracetamol,Inconclusive,Middle Age (51-65),30,2023,12,December,Endocrinology
185,TrACy BUrke,76,Male,A+,Obesity,2020-12-05,Emily Thomas,Wilkins Group,Medicare,5714.75,238,Elective,2020-12-18,Lipitor,Abnormal,Senior (65+),13,2020,12,December,Endocrinology
186,daVID SPeNCE,21,Female,AB+,Diabetes,2021-11-11,Terrance Rosales,Valentine Ltd,Cigna,5985.98,136,Urgent,2021-12-04,Penicillin,Normal,Young Adult (20-35),23,2021,11,November,Endocrinology
187,JOsEph fOstER,59,Female,O+,Obesity,2019-09-11,Daniel Smith,Alvarado-Deleon,Blue Cross,27385.74,427,Emergency,2019-09-15,Penicillin,Inconclusive,Middle Age (51-65),4,2019,9,September,Endocrinology
188,NIcholAs haLl,31,Female,A-,Diabetes,2020-12-15,Marissa Stevenson,"Alexander and Jensen Andrews,",UnitedHealthcare,3730.0,218,Urgent,2021-01-01,Ibuprofen,Abnormal,Young Adult (20-35),17,2020,12,December,Endocrinology
189,ChriSTiNA maCiAS,36,Female,O+,Asthma,2022-12-08,Katie Fitzpatrick,"and Black, Henson Rhodes",Blue Cross,22480.97,348,Elective,2023-01-02,Ibuprofen,Inconclusive,Adult (36-50),25,2022,12,December,Pulmonology
190,scoTT JoNes,42,Female,B+,Diabetes,2021-07-15,Dennis Small,Sons and Marshall,Aetna,35022.32,486,Elective,2021-08-05,Aspirin,Inconclusive,Adult (36-50),21,2021,7,July,Endocrinology
191,jaMEs AnDerSon,18,Female,AB+,Asthma,2022-06-16,Chris Holt,Rodriguez-Franco,Blue Cross,45072.42,147,Urgent,2022-07-04,Lipitor,Inconclusive,Teen (13-19),18,2022,6,June,Pulmonology
192,sHaUN LonG,62,Female,A+,Obesity,2024-02-09,Jenny Griffith,"Fritz Henderson Stanton, and",UnitedHealthcare,45902.71,126,Urgent,2024-02-19,Aspirin,Normal,Middle Age (51-65),10,2024,2,February,Endocrinology
193,krIStInA morA,53,Male,AB+,Hypertension,2024-03-04,Gregory Lambert,West-Young,Medicare,28899.19,314,Emergency,2024-03-18,Paracetamol,Abnormal,Middle Age (51-65),14,2024,3,March,Cardiology
194,joshUa rIcHmOnd,82,Female,A+,Obesity,2022-02-11,Michael Armstrong,Ltd Solis,Blue Cross,39003.18,133,Elective,2022-02-25,Lipitor,Normal,Senior (65+),14,2022,2,February,Endocrinology
195,Mark lAWrencE,19,Female,O-,Diabetes,2022-02-08,Melissa Terry,Mcneil-Blake,Blue Cross,10348.82,271,Emergency,2022-02-17,Ibuprofen,Inconclusive,Teen (13-19),9,2022,2,February,Endocrinology
196,JOhN eLlis,83,Female,A-,Hypertension,2023-06-15,Thomas Bruce,Moore-Waters,UnitedHealthcare,14371.54,341,Urgent,2023-06-30,Paracetamol,Inconclusive,Senior (65+),15,2023,6,June,Cardiology
197,MRs. TiFFAny DeNnIs,26,Male,O-,Diabetes,2021-10-11,James James DVM,Group Scott,UnitedHealthcare,13769.4,498,Urgent,2021-10-24,Ibuprofen,Abnormal,Young Adult (20-35),13,2021,10,October,Endocrinology
198,cyNTHIa HuANG,51,Male,O+,Arthritis,2021-12-12,Sean Smith,and Simmons Sons,Aetna,35868.54,309,Elective,2021-12-30,Lipitor,Abnormal,Middle Age (51-65),18,2021,12,December,Orthopedics
199,meLiSSA LawRENcE,20,Male,O+,Obesity,2023-07-09,John Hansen,"Humphrey and Browning Fitzgerald,",Blue Cross,35205.28,104,Emergency,2023-07-15,Lipitor,Abnormal,Young Adult (20-35),6,2023,7,July,Endocrinology
200,STEvEn goodwIN,61,Female,A-,Obesity,2020-09-08,Teresa Mccarthy,Adams-Molina,Blue Cross,21576.5,308,Emergency,2020-10-03,Ibuprofen,Abnormal,Middle Age (51-65),25,2020,9,September,Endocrinology
201,mARY HuNT,44,Male,AB-,Hypertension,2020-08-31,Stephanie Barnett,Guzman LLC,Aetna,18771.01,168,Urgent,2020-09-18,Lipitor,Abnormal,Adult (36-50),18,2020,8,August,Cardiology
202,ERic riveRa,74,Female,AB+,Cancer,2024-04-10,Mr. Luke Nunez Jr.,Gonzalez-Pacheco,Blue Cross,21668.56,115,Emergency,2024-05-03,Lipitor,Abnormal,Senior (65+),23,2024,4,April,Oncology
203,ALAn tayLor,82,Female,B-,Diabetes,2021-08-10,Stacy Stewart,"Hunt, Carlson and Cherry",Cigna,36339.82,189,Elective,2021-09-09,Lipitor,Inconclusive,Senior (65+),30,2021,8,August,Endocrinology
204,mIcHaEL cAMPbeLl,83,Male,O-,Diabetes,2022-01-25,Andrea Oneal,Ltd Barnes,Cigna,40825.18,438,Elective,2022-01-28,Aspirin,Abnormal,Senior (65+),3,2022,1,January,Endocrinology
205,asHLEY webb ddS,62,Female,AB-,Cancer,2023-09-12,Eric Coleman,"Gordon, Fox Lane and",Blue Cross,40469.57,286,Elective,2023-10-12,Penicillin,Normal,Middle Age (51-65),30,2023,9,September,Oncology
206,SHaNNON broWn,62,Female,B-,Obesity,2020-08-05,Anthony Barnes,Petersen Ltd,Medicare,25749.52,138,Elective,2020-08-14,Ibuprofen,Inconclusive,Middle Age (51-65),9,2020,8,August,Endocrinology
207,LAwrenCE shEPherD,18,Male,A-,Asthma,2022-05-07,Michael Hickman,and Mcdonald Sons,Aetna,15841.2,275,Urgent,2022-06-03,Ibuprofen,Abnormal,Teen (13-19),27,2022,5,May,Pulmonology
208,scoTt wADE,66,Male,A+,Arthritis,2022-02-13,Dustin Wolf,"Smith, Elliott and Blackburn",Medicare,36086.57,266,Urgent,2022-02-23,Paracetamol,Normal,Senior (65+),10,2022,2,February,Orthopedics
209,heAthER curTis,26,Female,AB+,Asthma,2024-03-03,Amanda Wells,PLC Oliver,Blue Cross,32085.23,392,Urgent,2024-03-27,Penicillin,Inconclusive,Young Adult (20-35),24,2024,3,March,Pulmonology
210,kEvIN jEFFeRsON,45,Female,B+,Cancer,2020-03-14,Jason Miller,"Griffin and Lyons Rivers,",Cigna,12356.56,156,Emergency,2020-04-03,Aspirin,Inconclusive,Adult (36-50),20,2020,3,March,Oncology
211,dAvId gRifFIn,26,Male,AB-,Asthma,2024-02-07,Holly James,Craig-Garcia,Aetna,15367.41,255,Emergency,2024-02-24,Ibuprofen,Inconclusive,Young Adult (20-35),17,2024,2,February,Pulmonology
212,GRanT GeoRge,26,Male,O+,Cancer,2019-07-21,April Cox,Baker-Jones,Medicare,40190.2,315,Elective,2019-08-05,Penicillin,Abnormal,Young Adult (20-35),15,2019,7,July,Oncology
213,eRIc SteWART,79,Female,O+,Diabetes,2023-04-14,Virginia Lynch,Duffy-Kelly,Aetna,3872.1,322,Elective,2023-04-18,Penicillin,Inconclusive,Senior (65+),4,2023,4,April,Endocrinology
214,RoBErt pittmAn,33,Female,B-,Arthritis,2024-01-17,Patricia Fuller,Rodriguez-Becker,Cigna,3311.59,184,Elective,2024-02-05,Lipitor,Normal,Young Adult (20-35),19,2024,1,January,Orthopedics
215,SYdNey Cross,34,Female,O+,Cancer,2019-06-25,Michelle Ward,Group Brown,UnitedHealthcare,18524.87,472,Urgent,2019-06-30,Lipitor,Abnormal,Young Adult (20-35),5,2019,6,June,Oncology
216,DaviD CrawfoRD,76,Female,AB-,Hypertension,2021-05-20,Robin Adams,Powers-Vincent,UnitedHealthcare,30107.49,494,Emergency,2021-06-12,Ibuprofen,Inconclusive,Senior (65+),23,2021,5,May,Cardiology
217,LEAH DRaKE,50,Female,B-,Obesity,2020-04-03,Emily Morales,"and Ramos Brown Edwards,",UnitedHealthcare,15826.1,398,Emergency,2020-04-11,Paracetamol,Normal,Adult (36-50),8,2020,4,April,Endocrinology
218,DiAna hALL,44,Male,B-,Diabetes,2020-01-21,Adriana Morrow,Johnson Group,Blue Cross,26437.77,267,Emergency,2020-01-30,Ibuprofen,Abnormal,Adult (36-50),9,2020,1,January,Endocrinology
219,JUsTIN lE,38,Female,AB-,Arthritis,2021-12-02,Michael Mitchell,Atkins Inc,Aetna,49663.45,435,Emergency,2021-12-07,Paracetamol,Normal,Adult (36-50),5,2021,12,December,Orthopedics
220,KaREn pricE dDs,43,Male,AB+,Cancer,2021-05-28,Caroline Choi,Marshall LLC,Aetna,27278.24,174,Urgent,2021-06-18,Ibuprofen,Abnormal,Adult (36-50),21,2021,5,May,Oncology
221,CaROlYN sTEeLE,27,Female,AB+,Hypertension,2020-03-23,Michael Robinson,Ltd Cruz,Cigna,33170.44,137,Urgent,2020-04-11,Paracetamol,Abnormal,Young Adult (20-35),19,2020,3,March,Cardiology
222,LAURen RAMireZ,78,Male,A+,Asthma,2022-08-06,Heather Miller,Harrison-Parker,Medicare,1791.39,405,Urgent,2022-09-05,Paracetamol,Normal,Senior (65+),30,2022,8,August,Pulmonology
223,jAcOb nEWman,40,Male,A+,Diabetes,2024-03-09,Howard Obrien,Lee-Clayton,Blue Cross,31188.04,111,Elective,2024-04-05,Ibuprofen,Normal,Adult (36-50),27,2024,3,March,Endocrinology
224,KAThErInE BARnEtt,25,Male,AB-,Arthritis,2022-03-15,Faith Cook,Mcdaniel and Sons,Medicare,13854.65,328,Elective,2022-04-10,Penicillin,Inconclusive,Young Adult (20-35),26,2022,3,March,Orthopedics
225,JODI martiNeZ,67,Female,AB+,Obesity,2020-08-08,Donna Colon,Inc Lynch,Blue Cross,11870.91,196,Elective,2020-08-14,Ibuprofen,Abnormal,Senior (65+),6,2020,8,August,Endocrinology
226,andrEa aLlEN,47,Female,AB+,Obesity,2019-06-09,David Lindsey,"and Mendoza Rich Morales,",UnitedHealthcare,25574.13,464,Elective,2019-07-01,Aspirin,Inconclusive,Adult (36-50),22,2019,6,June,Endocrinology
227,nOah baxtEr,75,Male,AB-,Arthritis,2019-09-07,Anthony Nixon,Proctor-Jones,Aetna,6132.4,231,Urgent,2019-10-06,Paracetamol,Normal,Senior (65+),29,2019,9,September,Orthopedics
228,hECTOR MAXweLL,58,Female,A-,Obesity,2021-02-14,Doris Hawkins,"and Ramirez Figueroa May,",Medicare,33343.9,117,Elective,2021-02-26,Lipitor,Inconclusive,Middle Age (51-65),12,2021,2,February,Endocrinology
229,holLy WALters,26,Female,A-,Hypertension,2019-11-10,Caleb James,Michael-Jenkins,Medicare,43484.25,244,Urgent,2019-11-26,Penicillin,Abnormal,Young Adult (20-35),16,2019,11,November,Cardiology
230,JOsepH SmIth,22,Male,O+,Obesity,2023-04-16,Patricia Moore,Hardy Inc,UnitedHealthcare,7858.93,414,Urgent,2023-05-14,Penicillin,Normal,Young Adult (20-35),28,2023,4,April,Endocrinology
231,albERt tHOmAS,29,Female,B+,Asthma,2020-04-25,Matthew Gray,"Turner, and Williams Mercado",Cigna,33161.94,493,Urgent,2020-04-28,Paracetamol,Inconclusive,Young Adult (20-35),3,2020,4,April,Pulmonology
232,jeFfErY WIlliaMSOn,30,Male,A-,Cancer,2021-08-21,Justin Lowe,PLC Williams,Cigna,2879.46,183,Urgent,2021-08-28,Ibuprofen,Normal,Young Adult (20-35),7,2021,8,August,Oncology
233,joNAthAn meADOWS,22,Female,O+,Asthma,2021-01-14,Danny Mcdonald,Evans Ltd,Aetna,46492.86,471,Elective,2021-01-27,Aspirin,Inconclusive,Young Adult (20-35),13,2021,1,January,Pulmonology
234,kRIStIN BeNnETT,34,Male,AB+,Hypertension,2020-09-12,Gina Weaver,Merritt-Gray,Aetna,5259.27,341,Elective,2020-09-26,Paracetamol,Abnormal,Young Adult (20-35),14,2020,9,September,Cardiology
235,miCHaEl SmITh,20,Male,AB+,Arthritis,2020-03-27,Eddie Jackson,"Huang Travis Thomas, and",UnitedHealthcare,2784.58,164,Emergency,2020-04-16,Aspirin,Inconclusive,Young Adult (20-35),20,2020,3,March,Orthopedics
236,JOSepH cARpenteR,37,Female,A-,Arthritis,2019-07-26,Miss Valerie Saunders MD,Rodriguez-Zimmerman,Aetna,13418.22,102,Emergency,2019-08-17,Penicillin,Abnormal,Adult (36-50),22,2019,7,July,Orthopedics
237,larRy MaYEr,25,Female,A+,Cancer,2023-12-07,Richard Petty,Miller PLC,Blue Cross,36990.46,356,Urgent,2023-12-14,Aspirin,Normal,Young Adult (20-35),7,2023,12,December,Oncology
238,CLaYTON PEterSon,45,Female,B-,Cancer,2021-06-11,Patricia Bean,"May, Mullins and Martin",Aetna,43567.14,325,Urgent,2021-07-03,Paracetamol,Normal,Adult (36-50),22,2021,6,June,Oncology
239,donaLD aLVArEZ,18,Male,O-,Diabetes,2022-02-11,Ronald Jones,Moore-Robbins,UnitedHealthcare,35570.08,497,Emergency,2022-02-23,Ibuprofen,Inconclusive,Teen (13-19),12,2022,2,February,Endocrinology
240,SaRAh leE,56,Male,O+,Arthritis,2020-09-12,Jack Wall,Ltd Howard,Blue Cross,6848.13,421,Emergency,2020-09-22,Aspirin,Normal,Middle Age (51-65),10,2020,9,September,Orthopedics
241,joHN peReZ,44,Male,AB-,Asthma,2020-05-25,Felicia Morrison,Group Crosby,Aetna,4677.6,488,Emergency,2020-06-05,Lipitor,Inconclusive,Adult (36-50),11,2020,5,May,Pulmonology
242,Timothy jAcobS,34,Male,O+,Hypertension,2023-09-25,Crystal Schultz,Cook Ltd,Aetna,35157.17,328,Elective,2023-10-21,Penicillin,Normal,Young Adult (20-35),26,2023,9,September,Cardiology
243,nAThaN sMall,26,Male,B+,Obesity,2022-06-22,Bailey Gonzalez,"Rivas, Mcconnell Hill and",UnitedHealthcare,34719.17,317,Elective,2022-07-20,Lipitor,Normal,Young Adult (20-35),28,2022,6,June,Endocrinology
244,dUSTin WriGhT,32,Male,O+,Obesity,2020-01-12,Michael Guzman,Conner-Flores,Aetna,23775.45,133,Elective,2020-01-19,Aspirin,Normal,Young Adult (20-35),7,2020,1,January,Endocrinology
245,jacOb wilLiAMS,64,Male,B+,Arthritis,2022-07-29,Elizabeth Flowers,Suarez-Nelson,UnitedHealthcare,17732.47,247,Urgent,2022-08-07,Ibuprofen,Normal,Middle Age (51-65),9,2022,7,July,Orthopedics
246,wiLlIAm mcCOY,80,Male,A-,Asthma,2023-02-20,Whitney Vaughan,"and Walker Glenn, Long",Cigna,3845.4,158,Emergency,2023-03-10,Penicillin,Normal,Senior (65+),18,2023,2,February,Pulmonology
247,dr. MATthEW wilkinS,80,Male,A-,Cancer,2021-07-14,Seth Nelson,PLC Anderson,Blue Cross,22401.55,242,Elective,2021-07-24,Lipitor,Inconclusive,Senior (65+),10,2021,7,July,Oncology
248,JosEpH gONZaLeZ,37,Female,O+,Hypertension,2024-04-17,Erin Wright,Blackwell-Gamble,UnitedHealthcare,23340.3,151,Urgent,2024-05-07,Aspirin,Normal,Adult (36-50),20,2024,4,April,Cardiology
249,rObErt fiElDS,52,Female,A+,Hypertension,2021-02-04,Jennifer Flores,Wagner PLC,Blue Cross,3042.41,221,Urgent,2021-02-28,Aspirin,Abnormal,Middle Age (51-65),24,2021,2,February,Cardiology
250,lawrencE mIRAndA,83,Female,O-,Diabetes,2021-09-02,Brandi Knight,Goodman-Kelly,Blue Cross,41817.68,223,Urgent,2021-09-19,Paracetamol,Inconclusive,Senior (65+),17,2021,9,September,Endocrinology
251,mitCheLl caRrOlL,28,Female,B-,Arthritis,2022-09-10,Chad Irwin,"and Boyd Powell, Sims",Cigna,49700.32,359,Elective,2022-10-01,Paracetamol,Abnormal,Young Adult (20-35),21,2022,9,September,Orthopedics
252,COdY nIcHoLs,63,Male,A+,Diabetes,2022-11-25,Victoria Williams,"and Conrad Boyd, Burnett",Blue Cross,45157.47,480,Elective,2022-12-20,Lipitor,Normal,Middle Age (51-65),25,2022,11,November,Endocrinology
253,KELlI tHompSOn,85,Male,O-,Asthma,2023-08-04,Travis Walton,Ayala-Armstrong,Cigna,18832.1,472,Emergency,2023-08-12,Ibuprofen,Abnormal,Senior (65+),8,2023,8,August,Pulmonology
254,dAnIElle lOPeZ,37,Male,O-,Hypertension,2020-11-20,Catherine Hernandez,"and Lambert White, Vargas",Aetna,31732.13,373,Elective,2020-12-06,Lipitor,Normal,Adult (36-50),16,2020,11,November,Cardiology
255,melINda JONES,22,Male,AB-,Diabetes,2019-10-23,Kristen Johnson,Group Doyle,Blue Cross,42214.98,370,Urgent,2019-11-09,Paracetamol,Abnormal,Young Adult (20-35),17,2019,10,October,Endocrinology
256,KRiSTIN sMith,80,Female,AB+,Arthritis,2020-10-17,Tammy Chavez,Henderson-Johnson,Medicare,12400.21,141,Elective,2020-10-29,Aspirin,Normal,Senior (65+),12,2020,10,October,Orthopedics
257,StEphaniE REYNolDs,48,Female,O+,Arthritis,2022-12-27,Savannah Colon,"Baker Conrad and Andrews,",Blue Cross,1133.59,343,Urgent,2022-12-31,Penicillin,Abnormal,Adult (36-50),4,2022,12,December,Orthopedics
258,AnNA NORMaN,29,Male,B+,Obesity,2023-06-16,Jessica Parks MD,"Perkins, Salazar and Johnson",Blue Cross,24340.32,310,Emergency,2023-07-14,Aspirin,Inconclusive,Young Adult (20-35),28,2023,6,June,Endocrinology
259,MAria haYeS,76,Male,A+,Arthritis,2023-11-06,Joshua Singleton,Johnson-Perez,Blue Cross,39390.94,319,Elective,2023-11-21,Aspirin,Abnormal,Senior (65+),15,2023,11,November,Orthopedics
260,toNya riLEy mD,23,Female,A+,Hypertension,2023-12-26,Vincent Ramirez,Powell-Werner,Medicare,17012.51,121,Elective,2024-01-22,Penicillin,Normal,Young Adult (20-35),27,2023,12,December,Cardiology
261,REgiNa DUnn,33,Male,B-,Asthma,2023-02-10,Natasha Smith,Morales Group,Cigna,14493.61,166,Emergency,2023-03-05,Penicillin,Inconclusive,Young Adult (20-35),23,2023,2,February,Pulmonology
262,mIcHael JACoBS,34,Male,O+,Hypertension,2020-07-01,John Sparks,"and Fernandez, Wilson Morrison",Aetna,32679.27,397,Emergency,2020-07-10,Paracetamol,Normal,Young Adult (20-35),9,2020,7,July,Cardiology
263,jaSon mOOrE md,44,Female,AB+,Obesity,2023-09-21,Michelle Gutierrez,Mayo and Sons,UnitedHealthcare,6232.0,186,Emergency,2023-09-25,Ibuprofen,Inconclusive,Adult (36-50),4,2023,9,September,Endocrinology
264,eRiC HALl,84,Male,B+,Diabetes,2020-11-25,Rachel Williams,"Huffman Hall Orozco, and",Cigna,22982.25,320,Urgent,2020-12-02,Ibuprofen,Abnormal,Senior (65+),7,2020,11,November,Endocrinology
265,MALIk MARtINeZ,25,Female,A+,Cancer,2020-07-10,Sergio Shelton,White-Buchanan,Aetna,28213.82,296,Urgent,2020-07-18,Aspirin,Abnormal,Young Adult (20-35),8,2020,7,July,Oncology
266,LisA KENNEdY,42,Male,B-,Arthritis,2022-12-24,Mr. Michael White MD,"and Dixon Taylor Hunter,",Cigna,10645.57,251,Emergency,2023-01-06,Ibuprofen,Normal,Adult (36-50),13,2022,12,December,Orthopedics
267,kRIstIn ocHOA,57,Male,B+,Arthritis,2019-10-05,Mary Drake,"Anderson and Medina, Sullivan",Blue Cross,35041.03,299,Elective,2019-10-20,Lipitor,Normal,Middle Age (51-65),15,2019,10,October,Orthopedics
268,joSeph ZuNiGA,75,Female,O-,Arthritis,2022-03-13,Tonya Wade,PLC Dixon,Cigna,45980.29,101,Emergency,2022-03-26,Aspirin,Inconclusive,Senior (65+),13,2022,3,March,Orthopedics
269,kYLe TYlER,24,Female,AB+,Obesity,2020-05-15,Charles Torres,Bowman-Keith,UnitedHealthcare,25163.82,142,Elective,2020-06-10,Ibuprofen,Normal,Young Adult (20-35),26,2020,5,May,Endocrinology
270,eric duNCan,43,Female,AB-,Asthma,2020-12-02,Jennifer Freeman,Tyler PLC,UnitedHealthcare,43670.38,181,Elective,2020-12-23,Aspirin,Normal,Adult (36-50),21,2020,12,December,Pulmonology
271,raChel roMERo,22,Male,AB+,Asthma,2024-01-08,Reginald Becker,Velazquez-Patton,UnitedHealthcare,33706.6,282,Emergency,2024-01-15,Aspirin,Inconclusive,Young Adult (20-35),7,2024,1,January,Pulmonology
272,mIcHael anDeRson,64,Female,AB-,Arthritis,2019-08-16,Charles Webb,Bass Inc,Medicare,5549.79,302,Emergency,2019-09-06,Ibuprofen,Inconclusive,Middle Age (51-65),21,2019,8,August,Orthopedics
273,emILY clARK,66,Female,AB+,Arthritis,2023-03-23,Emily Perez,"Newton, Smith Ruiz and",Blue Cross,49078.47,389,Elective,2023-04-19,Penicillin,Abnormal,Senior (65+),27,2023,3,March,Orthopedics
274,danIeL mCKINnEy,19,Male,O+,Obesity,2020-01-20,Rachel Thomas,Graham-Fisher,UnitedHealthcare,23687.99,481,Emergency,2020-02-11,Ibuprofen,Normal,Teen (13-19),22,2020,1,January,Endocrinology
275,BOnnIe WILlIaMS,79,Female,B-,Diabetes,2024-01-23,Christopher Flores,Scott Ltd,UnitedHealthcare,17720.32,275,Elective,2024-02-22,Paracetamol,Abnormal,Senior (65+),30,2024,1,January,Endocrinology
276,MARcUs henry,76,Male,B-,Asthma,2022-12-20,Jennifer Stevenson,Rosales-Sweeney,UnitedHealthcare,27361.25,231,Emergency,2023-01-02,Paracetamol,Normal,Senior (65+),13,2022,12,December,Pulmonology
277,katheRiNE HART,37,Female,A+,Obesity,2021-08-10,Matthew Garcia,"Larson Andrews, and Lynch",UnitedHealthcare,39265.65,350,Elective,2021-09-03,Ibuprofen,Normal,Adult (36-50),24,2021,8,August,Endocrinology
278,MIchelle pIeRCE,62,Male,O-,Arthritis,2020-11-23,Brett Meyer,PLC York,Aetna,32868.08,114,Emergency,2020-11-28,Paracetamol,Inconclusive,Middle Age (51-65),5,2020,11,November,Orthopedics
279,Julie Mejia,80,Male,A-,Asthma,2020-02-10,David Murphy,Kelly-Watson,Blue Cross,22032.39,262,Emergency,2020-02-29,Ibuprofen,Normal,Senior (65+),19,2020,2,February,Pulmonology
280,cAMeRoN sAnChEz,49,Female,A+,Diabetes,2019-06-04,Erin Henson,"Smith Gonzalez Robinson, and",Blue Cross,43165.69,428,Elective,2019-06-17,Ibuprofen,Abnormal,Adult (36-50),13,2019,6,June,Endocrinology
281,davId Vincent,66,Female,O+,Obesity,2023-09-24,Katrina Fuentes,Cook-Taylor,Blue Cross,1870.61,234,Emergency,2023-10-11,Penicillin,Inconclusive,Senior (65+),17,2023,9,September,Endocrinology
282,MeLiSSA gOMez,50,Male,B-,Diabetes,2021-08-16,Harold Jackson,Robinson-Reyes,Blue Cross,50254.2,210,Elective,2021-08-20,Aspirin,Inconclusive,Adult (36-50),4,2021,8,August,Endocrinology
283,AMAnDa pONCe,39,Male,AB-,Arthritis,2020-07-06,Christopher Merritt,Reid Inc,Aetna,23159.66,333,Elective,2020-07-22,Penicillin,Inconclusive,Adult (36-50),16,2020,7,July,Orthopedics
284,CArOl GOMEz,31,Female,B-,Diabetes,2022-12-07,Haley Kim,"Kemp and Taylor, Jones",Aetna,11469.39,391,Elective,2022-12-29,Paracetamol,Abnormal,Young Adult (20-35),22,2022,12,December,Endocrinology
285,cHRISTopHEr PalmER,84,Male,AB-,Cancer,2023-12-29,Dr. Steven Johnson,Richards-Mack,Aetna,35435.17,458,Elective,2024-01-16,Ibuprofen,Abnormal,Senior (65+),18,2023,12,December,Oncology
286,PAUL Hahn,71,Male,O-,Cancer,2023-02-16,Erin Cole,"and Smith Harmon, Marshall",UnitedHealthcare,26139.79,195,Urgent,2023-02-25,Paracetamol,Abnormal,Senior (65+),9,2023,2,February,Oncology
287,aSHLeY MOORe,79,Male,B+,Cancer,2022-05-12,Breanna Nielsen,"Velasquez and Walker Russo,",UnitedHealthcare,21296.52,214,Emergency,2022-05-16,Paracetamol,Abnormal,Senior (65+),4,2022,5,May,Oncology
288,lINDa haMiLTOn,56,Male,O+,Arthritis,2023-09-20,John Smith,"Harrington, and Owens Preston",UnitedHealthcare,8421.92,409,Emergency,2023-09-25,Paracetamol,Inconclusive,Middle Age (51-65),5,2023,9,September,Orthopedics
289,robiN coX,36,Male,O-,Obesity,2020-01-11,Frank Gonzalez,Downs PLC,Cigna,23892.55,268,Emergency,2020-01-16,Aspirin,Normal,Adult (36-50),5,2020,1,January,Endocrinology
290,AnthoNY HalL,38,Male,O-,Obesity,2022-03-30,Matthew Williams,"Zhang Long Eaton, and",Blue Cross,8171.46,279,Elective,2022-04-26,Ibuprofen,Inconclusive,Adult (36-50),27,2022,3,March,Endocrinology
291,roberT smitH,21,Male,AB+,Arthritis,2020-05-11,Jonathan Gray,PLC Mills,UnitedHealthcare,23457.31,322,Elective,2020-05-20,Lipitor,Normal,Young Adult (20-35),9,2020,5,May,Orthopedics
292,dEREK CARTER,55,Female,O+,Cancer,2022-01-20,Timothy Rodriguez,"Hoffman Cox Mcdonald, and",Cigna,25787.44,205,Emergency,2022-02-16,Paracetamol,Normal,Middle Age (51-65),27,2022,1,January,Oncology
293,HEAthER MAY,79,Female,A-,Hypertension,2019-11-13,Victor Welch,Carpenter and Sons,Blue Cross,28525.52,243,Urgent,2019-11-24,Aspirin,Abnormal,Senior (65+),11,2019,11,November,Cardiology
294,pETer gOnzAlEZ,55,Male,AB-,Arthritis,2021-02-03,Robert Adams MD,"Collins and Moore Chan,",UnitedHealthcare,17182.87,408,Emergency,2021-02-20,Lipitor,Abnormal,Middle Age (51-65),17,2021,2,February,Orthopedics
295,chrIs flEtCheR,24,Male,AB+,Asthma,2020-10-24,Andrew Jefferson,"and Wood Lewis, Monroe",Cigna,20980.3,106,Elective,2020-11-15,Aspirin,Inconclusive,Young Adult (20-35),22,2020,10,October,Pulmonology
296,sHIRley wiLkinsoN,39,Female,O+,Hypertension,2022-10-03,Sharon Hensley,"and Keller, Ortega Miller",Medicare,4243.2,138,Urgent,2022-10-06,Ibuprofen,Abnormal,Adult (36-50),3,2022,10,October,Cardiology
297,COurtNey FaRRelL,63,Female,B+,Cancer,2023-12-24,Eugene Branch,"Austin, and Reynolds Duran",Cigna,40137.79,467,Elective,2024-01-02,Ibuprofen,Normal,Middle Age (51-65),9,2023,12,December,Oncology
298,aNDReA WiLliS,26,Male,AB-,Asthma,2023-11-18,Anthony Greer,Lopez LLC,Medicare,30676.44,290,Elective,2023-11-26,Ibuprofen,Normal,Young Adult (20-35),8,2023,11,November,Pulmonology
299,cHAD huFF,76,Female,AB+,Hypertension,2024-03-12,Bob Moyer,Clark-Tran,Aetna,45594.89,192,Urgent,2024-04-09,Paracetamol,Abnormal,Senior (65+),28,2024,3,March,Cardiology
300,dEvin giLBert,69,Male,A+,Cancer,2023-04-12,Heather Shea,"Villanueva and Carter Hughes,",Medicare,29076.63,135,Urgent,2023-05-07,Ibuprofen,Abnormal,Senior (65+),25,2023,4,April,Oncology
301,DOnALD davIS,38,Female,O+,Obesity,2021-06-16,Nicholas Stevenson,Ltd Osborn,Cigna,5223.5,255,Emergency,2021-07-11,Paracetamol,Abnormal,Adult (36-50),25,2021,6,June,Endocrinology
302,KUrT murphy,19,Male,AB-,Hypertension,2021-11-24,Laura Guerra,LLC Hodge,Blue Cross,41840.66,176,Elective,2021-12-13,Penicillin,Abnormal,Teen (13-19),19,2021,11,November,Cardiology
303,SYlvia wEsT,61,Male,B-,Obesity,2020-07-06,Michele Bradford,"Lopez and Shepard Smith,",Blue Cross,26504.87,287,Emergency,2020-07-22,Aspirin,Normal,Middle Age (51-65),16,2020,7,July,Endocrinology
304,DONaLd vAZQuEZ,42,Female,AB-,Arthritis,2022-06-26,Mr. Jesse Cook,"Moss and Meadows Jones,",Cigna,7946.13,111,Elective,2022-07-01,Ibuprofen,Inconclusive,Adult (36-50),5,2022,6,June,Orthopedics
305,REbeCCA rUsH,57,Male,AB-,Diabetes,2020-07-21,Heather Simon,Young-Williams,Cigna,18689.14,133,Urgent,2020-07-31,Lipitor,Normal,Middle Age (51-65),10,2020,7,July,Endocrinology
306,ChrIstoPhER curRY,36,Female,A-,Arthritis,2019-11-04,Larry Mendez,"Bailey Morgan Frey, and",Blue Cross,30051.98,482,Urgent,2019-12-03,Ibuprofen,Abnormal,Adult (36-50),29,2019,11,November,Orthopedics
307,miCHaeL EdwARds,68,Female,AB+,Hypertension,2021-11-01,Taylor Smith,"Neal Price and Smith,",Medicare,22913.55,124,Urgent,2021-11-03,Paracetamol,Normal,Senior (65+),2,2021,11,November,Cardiology
308,cHriSTOPheR ARnoLd,25,Female,B+,Obesity,2019-11-17,Ian Singleton,"and Johnson Hobbs Owens,",UnitedHealthcare,36238.58,131,Elective,2019-11-30,Ibuprofen,Inconclusive,Young Adult (20-35),13,2019,11,November,Endocrinology
309,RAcheL hickmAn,37,Female,B+,Obesity,2022-12-19,Angela Burton,Melton Inc,Medicare,25217.46,352,Urgent,2023-01-06,Aspirin,Normal,Adult (36-50),18,2022,12,December,Endocrinology
310,ashlEY grAy,68,Male,A+,Asthma,2020-10-06,Lisa Payne,and Weber Sons,Aetna,41548.41,124,Urgent,2020-10-20,Aspirin,Normal,Senior (65+),14,2020,10,October,Pulmonology
311,eLiZaBeTh PeREz,81,Female,AB-,Arthritis,2022-01-16,Sara Perry,"Chung Rodriguez Bradley, and",Aetna,7562.39,471,Elective,2022-01-22,Ibuprofen,Abnormal,Senior (65+),6,2022,1,January,Orthopedics
312,ANgeL RaNDOlPH ddS,74,Female,A+,Asthma,2023-07-06,Ann Brown,"White Wilson and Farmer,",UnitedHealthcare,386.05,165,Elective,2023-08-03,Aspirin,Normal,Senior (65+),28,2023,7,July,Pulmonology
313,maRk SaUNderS,75,Male,O+,Arthritis,2021-06-12,David Marshall,Group Thompson,Cigna,31491.61,347,Urgent,2021-06-15,Ibuprofen,Abnormal,Senior (65+),3,2021,6,June,Orthopedics
314,ChriSTiAn lAnG,74,Female,AB+,Cancer,2019-08-27,Shirley Dawson,and Sons Rangel,UnitedHealthcare,34224.35,228,Elective,2019-09-01,Lipitor,Abnormal,Senior (65+),5,2019,8,August,Oncology
315,Pam perKIns,28,Female,AB-,Diabetes,2022-05-17,Susan Hernandez,"Travis, and Richardson Hampton",Medicare,23673.72,354,Urgent,2022-06-12,Ibuprofen,Abnormal,Young Adult (20-35),26,2022,5,May,Endocrinology
316,kAyLA GrEENe,35,Male,AB+,Hypertension,2020-10-02,Gina Edwards,"and Wilson Matthews, Faulkner",UnitedHealthcare,40302.0,250,Elective,2020-10-17,Ibuprofen,Inconclusive,Young Adult (20-35),15,2020,10,October,Cardiology
317,mIcHAEl daVId,79,Female,O+,Asthma,2021-08-20,Laura Howell,Group Bailey,Medicare,37116.16,225,Elective,2021-09-16,Lipitor,Abnormal,Senior (65+),27,2021,8,August,Pulmonology
318,aLeXIs mCcALl,59,Female,O-,Asthma,2019-11-05,Scott Beltran,Rosales-Johnson,Aetna,38606.96,357,Elective,2019-11-17,Aspirin,Inconclusive,Middle Age (51-65),12,2019,11,November,Pulmonology
319,mr. brandON perEz md,84,Female,O-,Arthritis,2024-02-06,William Campbell,Bush-Brown,Cigna,17813.93,140,Emergency,2024-02-28,Penicillin,Inconclusive,Senior (65+),22,2024,2,February,Orthopedics
320,dr. jeffREy ColE,36,Female,O-,Asthma,2024-02-07,Ethan Brock,Saunders-Smith,Aetna,20773.02,352,Urgent,2024-02-21,Ibuprofen,Normal,Adult (36-50),14,2024,2,February,Pulmonology
321,maTthEw broWN,69,Male,O+,Arthritis,2023-06-22,Nicholas Gomez,"and Mckay, Morrow Myers",Blue Cross,9609.52,404,Urgent,2023-07-11,Lipitor,Normal,Senior (65+),19,2023,6,June,Orthopedics
322,RoBErT sExtON,54,Male,A-,Cancer,2020-11-19,Richard Buchanan,Sherman-Martinez,Blue Cross,3771.24,426,Urgent,2020-11-27,Penicillin,Abnormal,Middle Age (51-65),8,2020,11,November,Oncology
323,ashLEy vasQUEZ,30,Female,O+,Asthma,2021-11-24,David Gonzalez,"Baker, Weber Patton and",Medicare,51587.94,236,Emergency,2021-12-07,Ibuprofen,Abnormal,Young Adult (20-35),13,2021,11,November,Pulmonology
324,mIcHelLe FLYnn,31,Male,O-,Cancer,2019-07-26,Kristin Schmitt,"and Fitzgerald Shaw, Edwards",Medicare,28456.7,395,Elective,2019-07-29,Lipitor,Inconclusive,Young Adult (20-35),3,2019,7,July,Oncology
325,StEVEn trAn,81,Female,AB+,Cancer,2022-07-05,Kelly King,Kim-Higgins,Cigna,33870.12,194,Elective,2022-07-08,Ibuprofen,Abnormal,Senior (65+),3,2022,7,July,Oncology
326,JAMeS MilLeR,61,Female,O+,Diabetes,2019-08-29,Jeffery Morgan,"Morgan, Kramer Munoz and",Medicare,2304.0,408,Elective,2019-09-07,Paracetamol,Normal,Middle Age (51-65),9,2019,8,August,Endocrinology
327,Bonnie hiLl,52,Male,B+,Hypertension,2024-05-02,Patricia Fowler,Harvey Group,Aetna,1878.01,188,Elective,2024-05-21,Paracetamol,Abnormal,Middle Age (51-65),19,2024,5,May,Cardiology
328,AnTHONy DaviS,25,Male,B+,Asthma,2020-05-26,David Patterson,Mercer-Rogers,Blue Cross,19160.99,361,Elective,2020-05-31,Penicillin,Normal,Young Adult (20-35),5,2020,5,May,Pulmonology
329,DaViD ShEPPArD,56,Male,B+,Cancer,2024-03-20,Daisy Eaton,Duran Sons and,Blue Cross,5811.63,176,Urgent,2024-04-06,Paracetamol,Normal,Middle Age (51-65),17,2024,3,March,Oncology
330,JOdi LAnG,44,Male,O+,Diabetes,2024-03-27,Benjamin Bryant,"Vaughan Parker and Wagner,",Medicare,22868.53,295,Elective,2024-04-08,Ibuprofen,Abnormal,Adult (36-50),12,2024,3,March,Endocrinology
331,VaNeSSa TAylor,30,Female,O+,Arthritis,2021-03-22,Cynthia Velazquez,Lee-Jacobson,Blue Cross,48281.91,415,Urgent,2021-03-25,Ibuprofen,Abnormal,Young Adult (20-35),3,2021,3,March,Orthopedics
332,WAYnE lyncH,82,Male,O-,Cancer,2020-10-03,William Brock,"Hayes Robbins and Gallagher,",Medicare,30562.57,185,Emergency,2020-10-28,Paracetamol,Abnormal,Senior (65+),25,2020,10,October,Oncology
333,YEsENiA MCfarland,67,Male,B+,Obesity,2023-05-17,Douglas Lambert,"Evans and Byrd, Smith",Medicare,24293.63,278,Emergency,2023-05-31,Ibuprofen,Normal,Senior (65+),14,2023,5,May,Endocrinology
334,KEnNETH WilSON,41,Male,A+,Arthritis,2022-08-12,Alex Mcknight,and Howell Sons,Aetna,5878.78,358,Emergency,2022-08-31,Ibuprofen,Abnormal,Adult (36-50),19,2022,8,August,Orthopedics
335,JIlLiAn MArks,84,Male,A-,Arthritis,2020-06-20,Gregory Fox,"Clements and Scott, Peters",UnitedHealthcare,28410.44,451,Urgent,2020-06-22,Ibuprofen,Abnormal,Senior (65+),2,2020,6,June,Orthopedics
336,MiCHELLe cruz ddS,85,Female,AB+,Asthma,2023-04-20,Carrie Navarro,Gomez-Olson,Medicare,27414.02,390,Emergency,2023-05-05,Ibuprofen,Normal,Senior (65+),15,2023,4,April,Pulmonology
337,CLaREnce fORD jr.,26,Female,A-,Hypertension,2019-10-28,Laura Murillo,"and Medina Morgan, Whitehead",Aetna,5826.24,226,Emergency,2019-11-21,Penicillin,Abnormal,Young Adult (20-35),24,2019,10,October,Cardiology
338,DonAlD kaNe,49,Female,O+,Diabetes,2021-08-31,Alyssa Walsh,Miller LLC,Cigna,2133.74,189,Urgent,2021-09-05,Ibuprofen,Normal,Adult (36-50),5,2021,8,August,Endocrinology
339,ZaChaRY LARsEN,47,Female,A+,Hypertension,2021-07-14,Jeff Barton,Jones-Aguirre,Blue Cross,34262.61,112,Urgent,2021-08-06,Penicillin,Inconclusive,Adult (36-50),23,2021,7,July,Cardiology
340,sHeRYl MaRTinez,69,Male,A-,Diabetes,2022-01-21,Ricky Anderson,PLC Gonzalez,Aetna,44897.05,283,Elective,2022-02-02,Paracetamol,Normal,Senior (65+),12,2022,1,January,Endocrinology
341,mr. NaTHAN avILA,78,Female,O+,Asthma,2019-09-16,John Hurst,and Davies Sons,Cigna,22230.12,439,Urgent,2019-10-16,Penicillin,Normal,Senior (65+),30,2019,9,September,Pulmonology
342,aNnE aNTHONY,29,Male,AB+,Diabetes,2023-01-20,Cristina Wyatt,Soto-Richmond,Cigna,32895.1,123,Urgent,2023-01-29,Aspirin,Abnormal,Young Adult (20-35),9,2023,1,January,Endocrinology
343,hOlly LaMBERt,73,Male,A+,Cancer,2020-01-04,Christina Fowler,"and Morrison Ho Woods,",Medicare,5349.06,469,Emergency,2020-01-16,Paracetamol,Normal,Senior (65+),12,2020,1,January,Oncology
344,JAmes rASmuSsen,53,Male,AB-,Obesity,2024-03-03,Gary Barr,Lewis and Sons,Cigna,23235.85,442,Elective,2024-03-15,Aspirin,Inconclusive,Middle Age (51-65),12,2024,3,March,Endocrinology
345,SaRAH cannON,34,Male,AB+,Diabetes,2019-07-06,Frederick Whitney,Wood-Sandoval,Aetna,25683.28,295,Elective,2019-08-01,Paracetamol,Inconclusive,Young Adult (20-35),26,2019,7,July,Endocrinology
346,melInda tannER,38,Female,AB-,Obesity,2022-12-01,Mary Miller,Ball LLC,Cigna,45560.28,309,Elective,2022-12-03,Ibuprofen,Normal,Adult (36-50),2,2022,12,December,Endocrinology
347,LauriE josEPh,70,Female,B-,Arthritis,2020-05-10,Evan Lewis,Scott LLC,UnitedHealthcare,16850.89,230,Urgent,2020-05-30,Penicillin,Abnormal,Senior (65+),20,2020,5,May,Orthopedics
348,stEPHAnIe hUnteR,59,Female,AB+,Hypertension,2024-03-10,Adrienne Howard,"and Wright, Long Schroeder",Aetna,34366.0,157,Elective,2024-03-16,Ibuprofen,Inconclusive,Middle Age (51-65),6,2024,3,March,Cardiology
349,gIna daviS,43,Male,AB+,Arthritis,2020-01-14,Daniel Jones,Ltd Crawford,UnitedHealthcare,11968.02,171,Urgent,2020-01-19,Paracetamol,Inconclusive,Adult (36-50),5,2020,1,January,Orthopedics
350,chRiStoPheR sHEA Jr.,49,Male,B-,Diabetes,2020-06-07,Craig Wolfe,Group Moore,Cigna,10076.89,380,Elective,2020-06-26,Penicillin,Inconclusive,Adult (36-50),19,2020,6,June,Endocrinology
351,MrS. SabRIna BaLL,63,Male,AB-,Asthma,2020-11-11,Tina Griffin,Burch-Marks,Blue Cross,44582.82,189,Elective,2020-11-30,Penicillin,Abnormal,Middle Age (51-65),19,2020,11,November,Pulmonology
352,JoyCe McCoRmIcK,40,Female,O+,Asthma,2021-05-07,John Hansen,Koch-Alvarado,Medicare,30334.99,102,Urgent,2021-05-31,Aspirin,Abnormal,Adult (36-50),24,2021,5,May,Pulmonology
353,DEVIN bElL,80,Male,B-,Arthritis,2021-07-13,Trevor Evans,"Garcia Edwards and Daniel,",Cigna,6196.64,484,Urgent,2021-08-05,Penicillin,Normal,Senior (65+),23,2021,7,July,Orthopedics
354,alLISoN rAmiREZ,74,Female,B+,Cancer,2024-03-25,Mark Johnson,Carter-Camacho,Cigna,45438.91,256,Emergency,2024-04-03,Lipitor,Normal,Senior (65+),9,2024,3,March,Oncology
355,lauRA roMERO,70,Male,O+,Diabetes,2020-03-25,James Hays,Malone LLC,Aetna,43707.18,365,Urgent,2020-04-02,Lipitor,Normal,Senior (65+),8,2020,3,March,Endocrinology
356,TONi fAULKNer,39,Female,AB-,Diabetes,2023-05-14,Nicholas Ferguson,Zamora PLC,Blue Cross,20105.03,286,Urgent,2023-05-20,Penicillin,Normal,Adult (36-50),6,2023,5,May,Endocrinology
357,patrIcia tuRnEr,47,Female,AB+,Diabetes,2022-11-19,Mr. Jeffrey Powell,Ltd Hernandez,UnitedHealthcare,11938.07,452,Urgent,2022-11-23,Penicillin,Normal,Adult (36-50),4,2022,11,November,Endocrinology
358,naThaN rAy,49,Male,AB+,Diabetes,2021-03-10,Timothy Carter,"Gomez Ray, and Jones",Cigna,10836.21,481,Emergency,2021-03-30,Lipitor,Abnormal,Adult (36-50),20,2021,3,March,Endocrinology
359,RYan sAnCHeZ,64,Male,A-,Obesity,2020-11-15,Jennifer Gonzales,"Davis, Ray and Thompson",Cigna,40037.48,278,Urgent,2020-11-20,Ibuprofen,Inconclusive,Middle Age (51-65),5,2020,11,November,Endocrinology
360,tHOMas DENnIs,40,Male,A+,Asthma,2024-01-28,Leonard Chen,Mckinney-Edwards,Medicare,42959.3,410,Elective,2024-02-21,Paracetamol,Abnormal,Adult (36-50),24,2024,1,January,Pulmonology
361,mR. timOtHY FLoRES,77,Male,A-,Arthritis,2020-07-07,Margaret Ramos,Parker-Shannon,Medicare,40196.83,152,Urgent,2020-08-05,Paracetamol,Abnormal,Senior (65+),29,2020,7,July,Orthopedics
362,WeNDy lEVIne,61,Male,AB-,Hypertension,2023-01-22,Joy Davis,Lawrence LLC,Aetna,39827.66,172,Elective,2023-01-27,Ibuprofen,Inconclusive,Middle Age (51-65),5,2023,1,January,Cardiology
363,nicOLe gOnzAleZ,36,Female,A-,Asthma,2020-05-10,Mary Mckee,"and Thompson Burke, Harrington",Aetna,3516.85,314,Emergency,2020-05-24,Aspirin,Inconclusive,Adult (36-50),14,2020,5,May,Pulmonology
364,miCHaeL eLlIsoN,19,Female,O+,Diabetes,2021-07-09,John Evans,"Johnson Goodman Clark, and",Cigna,25414.8,283,Elective,2021-08-04,Aspirin,Abnormal,Teen (13-19),26,2021,7,July,Endocrinology
365,BRAndON dAVIS,21,Male,O-,Cancer,2020-06-11,Benjamin Payne,"Doyle Hess, and Dudley",Cigna,36230.39,404,Elective,2020-06-21,Paracetamol,Inconclusive,Young Adult (20-35),10,2020,6,June,Oncology
366,vaNESsa GArCia,49,Male,AB-,Asthma,2020-04-21,Jeanne Allen,Bass PLC,UnitedHealthcare,22427.17,197,Emergency,2020-05-09,Lipitor,Inconclusive,Adult (36-50),18,2020,4,April,Pulmonology
367,AUtUmn PEck,62,Female,A+,Obesity,2019-10-06,Kelly Jackson,"Willis and Hunt Pope,",Cigna,39250.45,110,Urgent,2019-11-04,Aspirin,Normal,Middle Age (51-65),29,2019,10,October,Endocrinology
368,NAthAnIEL REynoLdS,54,Female,O-,Hypertension,2020-07-11,Michael Barber,"Gray, Hensley and Hanson",UnitedHealthcare,5226.0,437,Urgent,2020-07-31,Penicillin,Normal,Middle Age (51-65),20,2020,7,July,Cardiology
369,JOYCE MoOdY,22,Male,AB-,Obesity,2022-04-03,Steven Clark,Moore-Woods,Cigna,7732.67,397,Elective,2022-04-17,Paracetamol,Abnormal,Young Adult (20-35),14,2022,4,April,Endocrinology
370,MaRK FuEnTes,74,Male,A-,Hypertension,2020-01-21,Amy Bailey,Moore-Franco,Medicare,11304.0,419,Urgent,2020-01-29,Aspirin,Abnormal,Senior (65+),8,2020,1,January,Cardiology
371,brETT FerGusoN,35,Female,A+,Asthma,2022-12-16,Cody Houston,Hamilton and Sons,UnitedHealthcare,38403.58,476,Elective,2023-01-08,Lipitor,Abnormal,Young Adult (20-35),23,2022,12,December,Pulmonology
372,TravIS SiMMOnS,20,Male,B-,Asthma,2022-07-20,Gregory Nichols,Burke Group,UnitedHealthcare,14039.89,416,Emergency,2022-07-29,Ibuprofen,Inconclusive,Young Adult (20-35),9,2022,7,July,Pulmonology
373,jEremY fRye,18,Female,B-,Cancer,2021-07-25,Christopher Odom,Anderson LLC,UnitedHealthcare,6958.7,493,Elective,2021-07-28,Paracetamol,Abnormal,Teen (13-19),3,2021,7,July,Oncology
374,cAmerOn MilLER,55,Female,O+,Cancer,2023-07-19,Raymond Bell,Sims-Jimenez,Medicare,3254.03,404,Urgent,2023-08-02,Lipitor,Normal,Middle Age (51-65),14,2023,7,July,Oncology
375,wilLIAM wiLliams dDS,66,Male,B-,Diabetes,2023-05-22,Autumn Fitzgerald,Holloway PLC,Aetna,11855.95,123,Urgent,2023-06-08,Ibuprofen,Inconclusive,Senior (65+),17,2023,5,May,Endocrinology
376,tRACIe WrigHt,62,Female,O-,Hypertension,2020-07-08,James Armstrong,Cain-Stone,Blue Cross,22368.38,461,Emergency,2020-07-25,Ibuprofen,Inconclusive,Middle Age (51-65),17,2020,7,July,Cardiology
377,DaVid reyEs,43,Female,A-,Asthma,2022-12-27,Darius Schaefer,Garner Group,Medicare,48511.65,172,Urgent,2023-01-24,Lipitor,Inconclusive,Adult (36-50),28,2022,12,December,Pulmonology
378,pAiGE KIng,24,Female,B-,Diabetes,2019-06-21,Katherine Dunn,Ltd Logan,Aetna,10126.5,242,Urgent,2019-07-12,Ibuprofen,Abnormal,Young Adult (20-35),21,2019,6,June,Endocrinology
379,James gArCIA,46,Female,O+,Diabetes,2021-01-01,Katherine Flynn,Bishop PLC,UnitedHealthcare,8470.64,328,Elective,2021-01-27,Penicillin,Inconclusive,Adult (36-50),26,2021,1,January,Endocrinology
380,lOri hArvEY,58,Male,AB-,Asthma,2022-09-07,Julian Perkins,Lewis-Mitchell,Medicare,25086.01,476,Urgent,2022-09-28,Lipitor,Inconclusive,Middle Age (51-65),21,2022,9,September,Pulmonology
381,amy wANG,58,Male,B+,Obesity,2022-06-09,Holly Taylor,and Campbell Sons,Cigna,36524.38,371,Urgent,2022-06-26,Ibuprofen,Abnormal,Middle Age (51-65),17,2022,6,June,Endocrinology
382,joRDAn vARgaS,48,Male,B+,Cancer,2023-11-01,Mark King,James PLC,UnitedHealthcare,5945.01,431,Elective,2023-11-10,Paracetamol,Inconclusive,Adult (36-50),9,2023,11,November,Oncology
383,GORDON kELLY,43,Male,O-,Obesity,2023-08-06,Shelby Johnson,Colon-Meyer,Blue Cross,3601.68,409,Urgent,2023-08-13,Lipitor,Inconclusive,Adult (36-50),7,2023,8,August,Endocrinology
384,nathaN Scott,74,Female,AB+,Obesity,2022-07-30,Angela Logan MD,"and Woods Liu, Berry",Cigna,4920.19,135,Elective,2022-08-25,Aspirin,Abnormal,Senior (65+),26,2022,7,July,Endocrinology
385,LiSA grEEn,47,Female,AB-,Diabetes,2021-02-04,Gloria Schultz,LLC Clayton,UnitedHealthcare,48887.23,105,Elective,2021-02-28,Ibuprofen,Inconclusive,Adult (36-50),24,2021,2,February,Endocrinology
386,amY CoMbS,35,Male,A+,Cancer,2021-11-26,Victor Morales,Le-Hawkins,Blue Cross,48826.39,142,Urgent,2021-12-09,Paracetamol,Normal,Young Adult (20-35),13,2021,11,November,Oncology
387,KelLY sANfoRD,28,Male,B-,Arthritis,2020-07-02,Nancy Vaughn,"Martinez Taylor Lopez, and",UnitedHealthcare,5509.6,313,Emergency,2020-07-03,Lipitor,Abnormal,Young Adult (20-35),1,2020,7,July,Orthopedics
388,mrs. jEssIcA BlAck md,49,Male,A-,Diabetes,2021-08-09,Christopher Rivera,Williams Group,Medicare,37636.44,385,Elective,2021-09-06,Ibuprofen,Normal,Adult (36-50),28,2021,8,August,Endocrinology
389,rObERT GoulD,28,Male,AB-,Obesity,2024-01-18,Brittany Rocha,Schmidt-Douglas,Cigna,20885.92,247,Emergency,2024-02-04,Ibuprofen,Inconclusive,Young Adult (20-35),17,2024,1,January,Endocrinology
390,cHRISTiNe VArgaS,50,Male,O-,Obesity,2023-01-17,Patricia Hall,Ltd Fleming,Aetna,35114.49,183,Elective,2023-02-10,Paracetamol,Normal,Adult (36-50),24,2023,1,January,Endocrinology
391,BARbara dIaZ,59,Male,A-,Obesity,2024-03-27,Christopher Hudson,"Smith Brown Wallace, and",Blue Cross,6191.39,192,Elective,2024-04-21,Lipitor,Normal,Middle Age (51-65),25,2024,3,March,Endocrinology
392,jOHn washIngtON,22,Female,O+,Hypertension,2023-01-10,Walter Perez,Boyer Inc,Blue Cross,40697.97,116,Elective,2023-01-23,Ibuprofen,Normal,Young Adult (20-35),13,2023,1,January,Cardiology
393,DEVIn stEWaRt,62,Female,B+,Arthritis,2019-07-14,Jonathan Chang,Miranda-Collins,Aetna,43465.95,325,Urgent,2019-07-18,Lipitor,Normal,Middle Age (51-65),4,2019,7,July,Orthopedics
394,JAMeS ROBeRTs,21,Female,A+,Cancer,2020-05-18,Maria Ritter,Hoffman and Sons,Cigna,16866.07,177,Elective,2020-06-02,Ibuprofen,Normal,Young Adult (20-35),15,2020,5,May,Oncology
395,JaMes YATEs,44,Male,B-,Obesity,2022-06-15,Elizabeth Snyder,Group Ortega,Aetna,41454.69,328,Emergency,2022-06-25,Ibuprofen,Inconclusive,Adult (36-50),10,2022,6,June,Endocrinology
396,PeTEr nIcHOLs,27,Male,B+,Hypertension,2020-03-27,Dennis Harris,"Mitchell, Vasquez and Chaney",Cigna,47735.38,221,Urgent,2020-04-05,Penicillin,Normal,Young Adult (20-35),9,2020,3,March,Cardiology
397,karen pRice,47,Male,O-,Diabetes,2020-02-20,Caroline Fields,Villa-Simpson,UnitedHealthcare,2826.81,256,Elective,2020-03-01,Lipitor,Normal,Adult (36-50),10,2020,2,February,Endocrinology
398,chRisTOPHEr jONes,51,Male,O-,Hypertension,2020-06-16,Joseph Rivera,LLC Haynes,Blue Cross,26524.17,426,Elective,2020-06-21,Penicillin,Inconclusive,Middle Age (51-65),5,2020,6,June,Cardiology
399,LaRRY LeoNarD,48,Female,B-,Hypertension,2019-06-06,Charles Reynolds,Inc Cummings,UnitedHealthcare,36727.58,386,Urgent,2019-07-02,Ibuprofen,Normal,Adult (36-50),26,2019,6,June,Cardiology
400,MiChELle zHaNg,83,Male,B-,Arthritis,2022-01-18,Patricia Valentine,Downs-Stephens,Blue Cross,4509.4,175,Elective,2022-02-05,Paracetamol,Abnormal,Senior (65+),18,2022,1,January,Orthopedics
401,kriSTEn FlOrES,64,Male,A+,Arthritis,2021-01-11,Angela Reed,"Carson and Nielsen, Buchanan",Aetna,25709.58,180,Elective,2021-01-23,Aspirin,Abnormal,Middle Age (51-65),12,2021,1,January,Orthopedics
402,MaTThEW bELl,19,Male,O+,Obesity,2021-02-04,Doris Johnson,Hicks-Perez,Medicare,20086.22,270,Urgent,2021-02-15,Aspirin,Abnormal,Teen (13-19),11,2021,2,February,Endocrinology
403,brADLeY MIraNdA,39,Male,B-,Asthma,2022-05-30,Devin Pratt,"Wilson and Brown, Ortiz",UnitedHealthcare,36862.17,338,Elective,2022-06-01,Aspirin,Inconclusive,Adult (36-50),2,2022,5,May,Pulmonology
404,cHRIsToPheR mOORE,23,Female,O+,Hypertension,2021-12-19,Angela Allison,Berg-Mcconnell,Blue Cross,40065.34,360,Elective,2021-12-30,Paracetamol,Normal,Young Adult (20-35),11,2021,12,December,Cardiology
405,dan PINEDA,24,Male,B+,Diabetes,2021-07-20,Phyllis Nguyen,Gilbert Ltd,UnitedHealthcare,41997.35,252,Elective,2021-08-07,Lipitor,Abnormal,Young Adult (20-35),18,2021,7,July,Endocrinology
406,maRIaH SmiTH,73,Female,AB-,Cancer,2022-12-27,Melissa Mendoza,Gutierrez-Webster,Blue Cross,22601.57,215,Elective,2023-01-19,Paracetamol,Abnormal,Senior (65+),23,2022,12,December,Oncology
407,saBRINa cOoK,56,Male,O-,Obesity,2022-09-05,Christopher Bates,Group Thompson,UnitedHealthcare,36204.73,430,Urgent,2022-10-04,Penicillin,Normal,Middle Age (51-65),29,2022,9,September,Endocrinology
408,MelIssA hOFfMAN,36,Male,B+,Cancer,2022-07-27,April Cummings,Cooley-Reid,Cigna,41311.29,434,Emergency,2022-08-19,Lipitor,Inconclusive,Adult (36-50),23,2022,7,July,Oncology
409,Joseph MARtiN,33,Male,A+,Cancer,2024-05-03,Andrew Hill,"and Davenport Davis Hobbs,",Aetna,36890.27,374,Elective,2024-05-15,Lipitor,Normal,Young Adult (20-35),12,2024,5,May,Oncology
410,meLissA SIms,21,Male,O+,Arthritis,2019-08-28,Susan Sampson,Thompson-Becker,Aetna,5716.1,293,Emergency,2019-09-16,Aspirin,Abnormal,Young Adult (20-35),19,2019,8,August,Orthopedics
411,SaraH evans,80,Male,B-,Diabetes,2024-04-21,Darren Becker,Mitchell Inc,Blue Cross,10461.98,481,Emergency,2024-05-07,Aspirin,Abnormal,Senior (65+),16,2024,4,April,Endocrinology
412,mARIA ANDeRsON,79,Female,O+,Arthritis,2024-03-12,Lee Santiago,"Mack, Wilson and Fowler",Blue Cross,37879.98,110,Urgent,2024-04-04,Aspirin,Abnormal,Senior (65+),23,2024,3,March,Orthopedics
413,MariA JOHnStON,44,Male,A+,Obesity,2019-09-29,Holly Walton,"Johnson Garcia, and Anthony",UnitedHealthcare,44355.2,177,Elective,2019-10-05,Aspirin,Inconclusive,Adult (36-50),6,2019,9,September,Endocrinology
414,JaMES COle,23,Male,AB+,Obesity,2022-08-19,Craig Howard,"and Young Powell Mitchell,",Medicare,28355.45,327,Urgent,2022-08-24,Penicillin,Normal,Young Adult (20-35),5,2022,8,August,Endocrinology
415,iSaiaH hOlT,75,Male,A-,Cancer,2021-10-18,Diane Riley,Bishop Inc,Blue Cross,22935.41,217,Elective,2021-11-01,Ibuprofen,Normal,Senior (65+),14,2021,10,October,Oncology
416,joSEPH gonzaLeS,60,Male,A-,Hypertension,2023-04-07,John Schroeder,Coleman-Dawson,Medicare,42605.64,366,Elective,2023-05-05,Lipitor,Normal,Middle Age (51-65),28,2023,4,April,Cardiology
417,JenNiFEr CAMaCho,83,Male,AB-,Asthma,2019-10-28,Mark Watson,Cunningham-King,UnitedHealthcare,24023.96,118,Elective,2019-11-24,Ibuprofen,Inconclusive,Senior (65+),27,2019,10,October,Pulmonology
418,HecTOR jonES,61,Female,AB+,Hypertension,2020-06-29,Diane Griffin,Anderson PLC,UnitedHealthcare,20577.71,387,Elective,2020-07-26,Penicillin,Normal,Middle Age (51-65),27,2020,6,June,Cardiology
419,jEsSIcA jOnes Dds,82,Female,AB+,Diabetes,2022-09-21,Kenneth Mcintosh,"Freeman King Hodges, and",Aetna,7264.89,237,Emergency,2022-10-03,Aspirin,Normal,Senior (65+),12,2022,9,September,Endocrinology
420,IsaBeLlA martIn,40,Male,A-,Arthritis,2023-08-10,Victoria Hernandez,Sons Wilson and,Cigna,29913.85,317,Urgent,2023-08-15,Ibuprofen,Normal,Adult (36-50),5,2023,8,August,Orthopedics
421,daNiEL pALMeR,70,Female,B+,Hypertension,2022-05-16,David Zavala,Woodward Ltd,Cigna,43353.4,266,Elective,2022-05-26,Lipitor,Normal,Senior (65+),10,2022,5,May,Cardiology
422,sTEPhanIe BeNsoN,68,Female,O+,Cancer,2020-08-25,Frederick Fields,"Powell Branch Osborn, and",Blue Cross,18382.66,355,Elective,2020-09-15,Lipitor,Abnormal,Senior (65+),21,2020,8,August,Oncology
423,AshleY WiLliamS,31,Female,B-,Cancer,2023-10-04,Michael Nguyen,"Brown Brown, and Sanders",Blue Cross,49419.87,328,Elective,2023-10-11,Ibuprofen,Inconclusive,Young Adult (20-35),7,2023,10,October,Oncology
424,GReGOrY NguYEn,28,Male,O+,Asthma,2022-04-28,Casey Fowler,Harris-Oconnor,Aetna,9958.02,364,Emergency,2022-05-27,Penicillin,Inconclusive,Young Adult (20-35),29,2022,4,April,Pulmonology
425,joE SmItH,84,Male,O+,Hypertension,2019-05-29,Michael Miller,"Paul Richardson Haynes, and",Blue Cross,21438.28,217,Elective,2019-06-17,Aspirin,Abnormal,Senior (65+),19,2019,5,May,Cardiology
426,LIsa wATTS,34,Female,AB+,Arthritis,2024-03-09,Kaylee Hampton,Patterson-Lee,Aetna,1820.02,356,Emergency,2024-03-23,Aspirin,Abnormal,Young Adult (20-35),14,2024,3,March,Orthopedics
427,alexAnDER GArcia,25,Female,B+,Hypertension,2020-01-07,Amber Gordon,"and Yang Fox Scott,",Cigna,32760.47,476,Urgent,2020-02-01,Aspirin,Normal,Young Adult (20-35),25,2020,1,January,Cardiology
428,ElIzabETh PErKINs,58,Female,B+,Asthma,2019-11-10,Colleen Meyers,"Burch, and Sexton Sandoval",Medicare,35421.83,134,Elective,2019-12-06,Paracetamol,Abnormal,Middle Age (51-65),26,2019,11,November,Pulmonology
429,LAuRA WELLS,78,Female,O+,Diabetes,2023-01-24,Eileen Hernandez,"Johnson and Delgado, Bennett",Medicare,44393.18,169,Elective,2023-02-01,Aspirin,Inconclusive,Senior (65+),8,2023,1,January,Endocrinology
430,robErT mCcORmICk,56,Male,AB+,Diabetes,2019-07-28,Carrie Wright,Garza Group,Blue Cross,16578.91,282,Urgent,2019-08-26,Penicillin,Inconclusive,Middle Age (51-65),29,2019,7,July,Endocrinology
431,MICHAEL yu,77,Male,AB-,Arthritis,2022-07-18,Jeffrey Schmidt,"Olson, Andrade and Dixon",Medicare,33749.86,112,Emergency,2022-08-07,Paracetamol,Abnormal,Senior (65+),20,2022,7,July,Orthopedics
432,jacOB GRaHam,61,Female,A+,Asthma,2020-06-07,Jaime Bell,Fisher Inc,UnitedHealthcare,3903.76,301,Urgent,2020-07-01,Penicillin,Abnormal,Middle Age (51-65),24,2020,6,June,Pulmonology
433,aNdrea kenNedy,40,Female,B-,Cancer,2020-12-07,Brian Cooper,Farrell-Lyons,Medicare,22720.33,463,Emergency,2020-12-20,Lipitor,Abnormal,Adult (36-50),13,2020,12,December,Oncology
434,StacEY aNderson,80,Male,AB-,Diabetes,2020-04-10,Anthony Graves,"Greer Cain and Taylor,",Medicare,35411.47,282,Elective,2020-04-30,Paracetamol,Abnormal,Senior (65+),20,2020,4,April,Endocrinology
435,jasOn mArsh,35,Male,A-,Hypertension,2023-07-12,Traci White MD,Turner Ltd,Medicare,27342.23,279,Urgent,2023-07-22,Aspirin,Normal,Young Adult (20-35),10,2023,7,July,Cardiology
436,tiFfAnY FErguSON,85,Female,A+,Cancer,2022-09-10,Eric Lutz,Johnson Group,Blue Cross,27971.28,120,Emergency,2022-09-14,Lipitor,Abnormal,Senior (65+),4,2022,9,September,Oncology
437,mark hErnaNdEZ,64,Male,AB-,Hypertension,2021-04-15,Brenda Hill,Sherman Inc,Cigna,26894.07,208,Emergency,2021-05-07,Aspirin,Normal,Middle Age (51-65),22,2021,4,April,Cardiology
438,KEITH HenRy,30,Female,O-,Cancer,2020-08-20,Peter Brown,"and Garcia Wade Richardson,",Medicare,36551.05,111,Emergency,2020-08-23,Ibuprofen,Abnormal,Young Adult (20-35),3,2020,8,August,Oncology
439,mIChelLE WRIghT,19,Female,A+,Arthritis,2020-08-14,Benjamin Banks,White-Graham,Medicare,10693.39,435,Elective,2020-08-28,Ibuprofen,Abnormal,Teen (13-19),14,2020,8,August,Orthopedics
440,TRoY DaVIS,64,Male,A+,Diabetes,2021-07-17,Natalie Perez,and Miller Sons,UnitedHealthcare,28835.44,270,Urgent,2021-08-03,Lipitor,Inconclusive,Middle Age (51-65),17,2021,7,July,Endocrinology
441,MiSty burton,44,Male,B+,Diabetes,2023-01-27,Erica Williams,"Taylor, and Mullins Lara",Medicare,7083.61,317,Elective,2023-02-02,Lipitor,Inconclusive,Adult (36-50),6,2023,1,January,Endocrinology
442,RObERt rObINsOn,66,Female,O-,Asthma,2020-09-04,Jasmine Webb,"and King, Vega Jones",Medicare,2068.43,302,Urgent,2020-09-20,Penicillin,Inconclusive,Senior (65+),16,2020,9,September,Pulmonology
443,CHrISTiNA caldeROn,79,Female,AB+,Hypertension,2020-02-08,David Cabrera,Alvarez-Cruz,Blue Cross,42956.13,382,Elective,2020-02-21,Aspirin,Normal,Senior (65+),13,2020,2,February,Cardiology
444,JOhN GRahAm,59,Female,O+,Diabetes,2019-07-01,Julie Gonzales,"Walker Cisneros and Adams,",Aetna,17307.37,255,Urgent,2019-07-05,Penicillin,Abnormal,Middle Age (51-65),4,2019,7,July,Endocrinology
445,mICHAEl PARkER,47,Male,O+,Asthma,2024-01-01,Julia Campbell,Ltd Lewis,Aetna,41492.13,388,Elective,2024-01-12,Aspirin,Normal,Adult (36-50),11,2024,1,January,Pulmonology
446,WIlliAm EVANs,49,Male,AB+,Obesity,2021-03-10,Zachary Robinson,Esparza-Martinez,UnitedHealthcare,16097.76,310,Emergency,2021-04-07,Paracetamol,Normal,Adult (36-50),28,2021,3,March,Endocrinology
447,vAlEriE hodgES,35,Male,AB+,Cancer,2019-09-19,Christine Smith,"Baker Hernandez and Scott,",Blue Cross,44495.73,469,Elective,2019-10-16,Paracetamol,Inconclusive,Young Adult (20-35),27,2019,9,September,Oncology
448,brENda BecK,69,Female,B+,Obesity,2023-02-24,Barbara Burgess,Group Lopez,Blue Cross,2936.89,223,Emergency,2023-02-25,Aspirin,Abnormal,Senior (65+),1,2023,2,February,Endocrinology
449,CHrISTIne DAvIs,57,Male,O+,Obesity,2022-03-30,Malik Goodwin,"and Le Martin Young,",UnitedHealthcare,43374.01,232,Emergency,2022-04-14,Lipitor,Inconclusive,Middle Age (51-65),15,2022,3,March,Endocrinology
450,keVIN dANiEl,51,Female,A+,Asthma,2019-08-30,Diana Shaw,PLC Cook,Aetna,6949.88,366,Urgent,2019-09-17,Paracetamol,Inconclusive,Middle Age (51-65),18,2019,8,August,Pulmonology
451,BRIttney WagNER,31,Female,O+,Arthritis,2019-12-21,Michael Mason,"Baker, Davis Hill and",Blue Cross,15449.06,384,Elective,2019-12-31,Lipitor,Abnormal,Young Adult (20-35),10,2019,12,December,Orthopedics
452,criStIaN bUChANAn,34,Female,A-,Obesity,2019-08-31,Alexis Bradford,Johnson-Gray,Blue Cross,37458.16,184,Elective,2019-09-28,Paracetamol,Abnormal,Young Adult (20-35),28,2019,8,August,Endocrinology
453,MiCHAEl bRady,57,Male,O+,Cancer,2022-03-30,Jasmine Parker,"Mitchell, and Garcia Saunders",Medicare,5919.3,455,Elective,2022-04-11,Ibuprofen,Normal,Middle Age (51-65),12,2022,3,March,Oncology
454,jOrdan LEON,51,Female,O+,Arthritis,2023-08-11,Christina Lopez,Dennis-Roth,Cigna,21534.72,198,Emergency,2023-08-20,Penicillin,Normal,Middle Age (51-65),9,2023,8,August,Orthopedics
455,kAteLyn cunNINGHam,85,Male,B+,Asthma,2021-10-29,Richard Franco,"Mcgee Patton Aguirre, and",Cigna,43393.92,123,Elective,2021-11-25,Penicillin,Inconclusive,Senior (65+),27,2021,10,October,Pulmonology
456,KRyStal mENDoZA,51,Male,A-,Cancer,2020-09-18,Marc Reid,Foster-Thomas,Medicare,50332.93,394,Emergency,2020-10-12,Aspirin,Abnormal,Middle Age (51-65),24,2020,9,September,Oncology
457,aLEx RodriGUEz,39,Male,AB+,Cancer,2021-02-24,Ryan Simmons,Group Mann,Aetna,18062.6,140,Urgent,2021-03-17,Paracetamol,Inconclusive,Adult (36-50),21,2021,2,February,Oncology
458,GeoFfrEy barkER,75,Male,AB-,Hypertension,2023-07-07,Clinton Sanchez,Martinez-Strickland,UnitedHealthcare,30064.18,110,Urgent,2023-07-13,Paracetamol,Normal,Senior (65+),6,2023,7,July,Cardiology
459,ALEc miTCheLl,46,Female,O+,Hypertension,2023-06-26,Cindy Gonzalez,"Shaw Tapia and Barnes,",Blue Cross,45440.79,462,Elective,2023-07-23,Ibuprofen,Inconclusive,Adult (36-50),27,2023,6,June,Cardiology
460,JasOn joRDaN,47,Male,O-,Obesity,2021-11-12,Christy Ochoa,Morris-Campbell,Aetna,12073.07,400,Urgent,2021-12-04,Paracetamol,Normal,Adult (36-50),22,2021,11,November,Endocrinology
461,philiP ReYES,38,Female,O+,Arthritis,2021-10-23,Gabriel Livingston,"Anderson Morton and Vang,",UnitedHealthcare,48065.46,147,Urgent,2021-11-08,Paracetamol,Abnormal,Adult (36-50),16,2021,10,October,Orthopedics
462,AarOn BradsHaw,25,Female,O+,Arthritis,2019-11-30,Mackenzie Phillips,Olson LLC,Aetna,16342.36,255,Emergency,2019-12-20,Lipitor,Inconclusive,Young Adult (20-35),20,2019,11,November,Orthopedics
463,ERicA fOrd,65,Male,AB+,Hypertension,2023-03-19,Gabriel Lane,Juarez and Sons,Cigna,21767.23,410,Elective,2023-04-16,Lipitor,Normal,Middle Age (51-65),28,2023,3,March,Cardiology
464,dr. KAtIe baRReTt DVM,50,Female,O-,Hypertension,2022-02-02,Whitney Chavez,"Ramos Hansen Clark, and",Blue Cross,16055.93,393,Emergency,2022-02-05,Aspirin,Inconclusive,Adult (36-50),3,2022,2,February,Cardiology
465,Jacob youNG,40,Male,AB+,Obesity,2023-09-25,Tara Tucker,PLC Aguirre,UnitedHealthcare,30123.54,423,Urgent,2023-10-05,Aspirin,Normal,Adult (36-50),10,2023,9,September,Endocrinology
466,amY RAMos,70,Male,B+,Arthritis,2021-10-28,Dustin Alvarez,"Nelson Baldwin, Boyd and",UnitedHealthcare,38572.17,123,Emergency,2021-10-31,Ibuprofen,Inconclusive,Senior (65+),3,2021,10,October,Orthopedics
467,PaTricK moRAlES,56,Female,AB-,Hypertension,2020-06-16,Jessica Conway,"Martinez, and Moore White",Blue Cross,37798.95,392,Urgent,2020-07-14,Ibuprofen,Abnormal,Middle Age (51-65),28,2020,6,June,Cardiology
468,sOpHIA cONwAY,25,Male,O+,Diabetes,2021-10-07,Heidi Wood,"Barker, Costa Hahn and",Medicare,38716.36,283,Emergency,2021-11-06,Ibuprofen,Normal,Young Adult (20-35),30,2021,10,October,Endocrinology
469,jamES mOORE,20,Male,A-,Diabetes,2021-04-29,David Gordon,"Anderson and Higgins Galvan,",Aetna,13666.28,471,Elective,2021-05-17,Paracetamol,Inconclusive,Young Adult (20-35),18,2021,4,April,Endocrinology
470,ChRisTOPHeR cOChRan,73,Female,AB-,Diabetes,2019-05-12,Jonathan Thomas,Flores-Roman,Cigna,30753.69,236,Elective,2019-06-07,Lipitor,Abnormal,Senior (65+),26,2019,5,May,Endocrinology
471,RObeRT Carter,82,Male,B-,Obesity,2021-09-12,Lori Diaz,"Miller, Moon Boyd and",UnitedHealthcare,44278.23,295,Elective,2021-09-17,Aspirin,Inconclusive,Senior (65+),5,2021,9,September,Endocrinology
472,moRgAn NGUYEn,31,Male,B+,Diabetes,2021-01-25,Martin Dominguez,Inc Harmon,Aetna,6267.54,140,Urgent,2021-01-27,Ibuprofen,Normal,Young Adult (20-35),2,2021,1,January,Endocrinology
473,natHAn MONToYA,74,Male,O-,Cancer,2020-05-22,Adam Roberts,"Elliott Jones Hinton, and",Aetna,26276.79,242,Elective,2020-06-17,Ibuprofen,Normal,Senior (65+),26,2020,5,May,Oncology
474,jOE Berry PhD,38,Female,B-,Asthma,2022-06-20,Nancy Beck,Sons Mckinney and,Blue Cross,33171.03,319,Elective,2022-07-14,Aspirin,Inconclusive,Adult (36-50),24,2022,6,June,Pulmonology
475,daNIeL oRtiz,63,Female,AB-,Cancer,2020-11-16,Christy Hughes,Carroll-Howard,UnitedHealthcare,44984.24,124,Elective,2020-12-06,Paracetamol,Normal,Middle Age (51-65),20,2020,11,November,Oncology
476,mATthEw cLaRk,62,Female,B-,Obesity,2020-10-09,Charles Hernandez,"and Park, Garcia Lam",Cigna,27091.86,315,Urgent,2020-10-14,Ibuprofen,Inconclusive,Middle Age (51-65),5,2020,10,October,Endocrinology
477,JAcQuELINE hArDY,80,Male,O+,Obesity,2023-12-12,Hannah Clay,"Chavez Valenzuela, and Gutierrez",UnitedHealthcare,32387.93,264,Urgent,2023-12-27,Ibuprofen,Normal,Senior (65+),15,2023,12,December,Endocrinology
478,eMiLY JoSEPh,25,Female,AB-,Cancer,2022-06-14,Steven Dixon,Hill-Hernandez,Cigna,32905.48,289,Emergency,2022-07-03,Lipitor,Abnormal,Young Adult (20-35),19,2022,6,June,Oncology
479,sarAH HiCKs,51,Male,A-,Diabetes,2023-02-23,Monica Thomas,Skinner LLC,Blue Cross,1332.34,489,Emergency,2023-03-18,Aspirin,Abnormal,Middle Age (51-65),23,2023,2,February,Endocrinology
480,bRiANa rOsS,46,Female,AB+,Obesity,2024-04-25,Alexander Moore,Inc Cox,Aetna,17702.57,385,Urgent,2024-05-12,Ibuprofen,Inconclusive,Adult (36-50),17,2024,4,April,Endocrinology
481,maRY mcculLOUgH,18,Female,A+,Asthma,2022-06-08,Curtis Mckinney,Perez Sons and,UnitedHealthcare,33443.55,342,Emergency,2022-06-22,Penicillin,Normal,Teen (13-19),14,2022,6,June,Pulmonology
482,bRIAn OSborNe,30,Female,B-,Cancer,2023-12-07,Stephanie Shepard,"Parker Turner, Houston and",Cigna,23175.5,326,Emergency,2023-12-24,Ibuprofen,Normal,Young Adult (20-35),17,2023,12,December,Oncology
483,suSAn WALTerS,43,Male,AB-,Cancer,2020-11-03,Russell Soto,Wilson-Chen,Medicare,14224.31,426,Emergency,2020-12-01,Paracetamol,Abnormal,Adult (36-50),28,2020,11,November,Oncology
484,CATHerine HaRVEY,21,Male,AB+,Hypertension,2023-10-03,Charles Cardenas,Boone-Duffy,Medicare,23483.5,357,Urgent,2023-10-18,Paracetamol,Normal,Young Adult (20-35),15,2023,10,October,Cardiology
485,cORY PIERCe,28,Female,B-,Hypertension,2022-06-11,Brandon Montoya,Reid-Simmons,UnitedHealthcare,31326.73,299,Emergency,2022-06-28,Paracetamol,Abnormal,Young Adult (20-35),17,2022,6,June,Cardiology
486,jeSus jORdan,26,Female,O-,Hypertension,2021-07-03,Andrew Bishop,Dunn-Bentley,Aetna,48651.74,124,Urgent,2021-07-29,Penicillin,Inconclusive,Young Adult (20-35),26,2021,7,July,Cardiology
487,ANn dUNCAN,24,Male,A-,Asthma,2024-03-19,Daniel Sanders,Inc Cherry,Aetna,18932.31,115,Elective,2024-04-02,Penicillin,Inconclusive,Young Adult (20-35),14,2024,3,March,Pulmonology
488,Sarah pOrTEr,55,Female,AB-,Diabetes,2024-01-11,Jeremiah Nunez,Zavala-Fernandez,Blue Cross,22063.23,147,Elective,2024-01-30,Paracetamol,Inconclusive,Middle Age (51-65),19,2024,1,January,Endocrinology
489,jACquEliNE DeAN,41,Female,A+,Cancer,2021-06-26,Carolyn Peters,Jones-Fleming,Medicare,20714.71,234,Urgent,2021-07-21,Lipitor,Inconclusive,Adult (36-50),25,2021,6,June,Oncology
490,AnNE lam,85,Male,O+,Asthma,2024-01-19,Paul Ruiz,Christian-Hall,UnitedHealthcare,34510.88,292,Elective,2024-02-05,Ibuprofen,Inconclusive,Senior (65+),17,2024,1,January,Pulmonology
491,jEnnifeR GomEz,45,Male,O-,Hypertension,2020-12-15,Robert Palmer,LLC Cabrera,Blue Cross,42200.51,115,Elective,2021-01-13,Lipitor,Inconclusive,Adult (36-50),29,2020,12,December,Cardiology
492,daVId CuRTIs,22,Female,B+,Hypertension,2021-05-14,Lisa Grimes,"Hernandez and Delacruz, Kramer",Cigna,24451.29,413,Emergency,2021-05-28,Paracetamol,Abnormal,Young Adult (20-35),14,2021,5,May,Cardiology
493,joSHUa JOHnsON,18,Male,B+,Diabetes,2021-07-10,Ronald Russell,Cervantes-Herrera,UnitedHealthcare,30289.7,165,Emergency,2021-07-12,Paracetamol,Normal,Teen (13-19),2,2021,7,July,Endocrinology
494,jEReMy bOwen,60,Male,B-,Diabetes,2020-07-25,Tracey Smith,Garrison-Mcfarland,Medicare,35317.49,431,Urgent,2020-07-29,Lipitor,Normal,Middle Age (51-65),4,2020,7,July,Endocrinology
495,denNIs cLarkE,22,Female,AB+,Obesity,2019-09-17,Mark Baker,Warren-Brown,Cigna,8033.61,293,Elective,2019-10-01,Lipitor,Inconclusive,Young Adult (20-35),14,2019,9,September,Endocrinology
496,jeNNiFER spEnCe,65,Female,A+,Obesity,2019-05-14,Austin Perry,Ruiz Group,Medicare,7391.53,270,Elective,2019-05-20,Aspirin,Inconclusive,Middle Age (51-65),6,2019,5,May,Endocrinology
497,biLlY fITZGERALd,73,Female,B+,Asthma,2020-05-31,Dr. Mackenzie Bell,Anderson-Brown,Aetna,35945.88,146,Emergency,2020-06-28,Ibuprofen,Inconclusive,Senior (65+),28,2020,5,May,Pulmonology
498,krisTEN JamES,82,Female,AB+,Hypertension,2020-03-27,Kimberly Calhoun,Hull Sons and,Medicare,10780.74,472,Emergency,2020-04-04,Ibuprofen,Inconclusive,Senior (65+),8,2020,3,March,Cardiology
499,cAiTLIN bEndEr,32,Female,O-,Arthritis,2019-12-23,Timothy Aguilar,"Oliver Mcdonald, and Johnson",Aetna,28743.0,493,Elective,2019-12-30,Penicillin,Normal,Young Adult (20-35),7,2019,12,December,Orthopedics
500,bRENda fULleR,76,Male,A-,Obesity,2024-02-08,Cynthia Stanton MD,Lara-Allen,Blue Cross,47270.25,373,Elective,2024-02-16,Aspirin,Abnormal,Senior (65+),8,2024,2,February,Endocrinology
501,CASSaNdrA rIcE,61,Female,A-,Asthma,2023-09-23,Craig Delgado,Group Summers,Aetna,37846.35,407,Emergency,2023-09-24,Ibuprofen,Abnormal,Middle Age (51-65),1,2023,9,September,Pulmonology
502,SeRgIO saNcheZ,63,Male,AB+,Cancer,2020-05-14,Courtney Parsons,"Phillips Medina, Rivera and",Aetna,46502.77,151,Elective,2020-05-20,Paracetamol,Inconclusive,Middle Age (51-65),6,2020,5,May,Oncology
503,keviN stein,54,Female,B+,Hypertension,2020-02-11,Sandra Barker,LLC Flores,Aetna,27660.29,193,Urgent,2020-03-01,Lipitor,Normal,Middle Age (51-65),19,2020,2,February,Cardiology
504,MAUrEEN grANT Md,77,Male,AB+,Hypertension,2021-09-13,Michael Hogan,Inc Pace,UnitedHealthcare,36686.66,488,Urgent,2021-10-09,Paracetamol,Normal,Senior (65+),26,2021,9,September,Cardiology
505,SaMantHA gUtIErrez,64,Male,B+,Diabetes,2020-10-24,Toni Perry MD,Garcia-Robinson,Aetna,19563.2,148,Urgent,2020-10-25,Penicillin,Normal,Middle Age (51-65),1,2020,10,October,Endocrinology
506,GEORgE woodwARd,69,Male,B+,Arthritis,2020-12-29,William Bailey,Snow-Day,Aetna,23523.6,106,Elective,2021-01-21,Aspirin,Inconclusive,Senior (65+),23,2020,12,December,Orthopedics
507,sHaNe TaTe,31,Male,O+,Cancer,2024-03-19,Tiffany Ortega,Inc Rangel,Cigna,50563.8,441,Urgent,2024-04-07,Penicillin,Inconclusive,Young Adult (20-35),19,2024,3,March,Oncology
508,KErRY HaWkiNs,40,Male,O-,Arthritis,2021-12-13,Willie Lowery,Irwin-Kaufman,UnitedHealthcare,15518.46,450,Emergency,2021-12-19,Penicillin,Abnormal,Adult (36-50),6,2021,12,December,Orthopedics
509,mARissA mORa,50,Male,O-,Asthma,2022-05-17,Jaime Allen,"Brown and Colon, Anderson",Cigna,42150.7,388,Urgent,2022-06-03,Paracetamol,Abnormal,Adult (36-50),17,2022,5,May,Pulmonology
510,rICKy mEYeR,83,Female,A-,Arthritis,2022-12-01,Becky Jones,"and Peterson, Rodriguez Murphy",Cigna,42192.99,199,Emergency,2022-12-17,Paracetamol,Abnormal,Senior (65+),16,2022,12,December,Orthopedics
511,EDWArd JOneS jR.,23,Female,O-,Cancer,2020-03-16,Tiffany Frank,"and Frederick, Jones Garcia",Blue Cross,3925.93,333,Emergency,2020-03-22,Lipitor,Normal,Young Adult (20-35),6,2020,3,March,Oncology
512,HeatHER mELeNdez,68,Female,AB+,Arthritis,2020-10-20,Joe Mora,"and Fuentes Rogers Gill,",Aetna,12605.75,350,Emergency,2020-10-27,Paracetamol,Inconclusive,Senior (65+),7,2020,10,October,Orthopedics
513,jesSIcA mAciaS,37,Male,AB-,Asthma,2024-01-05,Teresa Tucker,Group Schneider,Blue Cross,7421.18,154,Urgent,2024-01-27,Penicillin,Inconclusive,Adult (36-50),22,2024,1,January,Pulmonology
514,JaMIe leACh,24,Female,B-,Arthritis,2023-08-17,Ruben Cross,Sandoval-Bennett,Cigna,24561.74,216,Emergency,2023-09-01,Aspirin,Abnormal,Young Adult (20-35),15,2023,8,August,Orthopedics
515,matThEW sImMoNs,21,Male,B-,Diabetes,2023-03-31,Timothy Choi,Young Ltd,Cigna,32854.15,132,Emergency,2023-04-22,Lipitor,Abnormal,Young Adult (20-35),22,2023,3,March,Endocrinology
516,SHeILA bAXtEr,46,Female,AB-,Diabetes,2022-11-21,Robert Lester,Lopez-Brooks,Aetna,18828.76,194,Elective,2022-11-22,Ibuprofen,Abnormal,Adult (36-50),1,2022,11,November,Endocrinology
517,DAVE PaRrISH,61,Female,B+,Arthritis,2020-08-24,Sandra Bender,"Leblanc Conway, Holt and",Aetna,34381.69,330,Urgent,2020-09-06,Lipitor,Inconclusive,Middle Age (51-65),13,2020,8,August,Orthopedics
518,brYaN SteWart,25,Male,O-,Arthritis,2022-02-12,Martin Smith,Ltd Roberts,Aetna,31501.72,475,Elective,2022-03-03,Ibuprofen,Inconclusive,Young Adult (20-35),19,2022,2,February,Orthopedics
519,JaMes beLL,75,Female,A-,Arthritis,2023-08-15,Martha Johnson,and Carter Sons,Medicare,12098.03,387,Elective,2023-09-04,Lipitor,Abnormal,Senior (65+),20,2023,8,August,Orthopedics
520,Joshua LOve,43,Female,O-,Diabetes,2023-01-13,Mercedes Harris,"Moore and Rhodes Lang,",UnitedHealthcare,39547.38,436,Elective,2023-02-01,Paracetamol,Inconclusive,Adult (36-50),19,2023,1,January,Endocrinology
521,rObErT CLArk,38,Female,B-,Obesity,2020-04-28,Gregory Chung,Poole LLC,Aetna,6486.24,283,Elective,2020-05-20,Aspirin,Abnormal,Adult (36-50),22,2020,4,April,Endocrinology
522,marisa GOlDEN,28,Male,AB+,Arthritis,2022-10-21,James Young,Hansen-Torres,Medicare,46657.69,265,Urgent,2022-10-22,Penicillin,Inconclusive,Young Adult (20-35),1,2022,10,October,Orthopedics
523,NanCy HaMIltOn,80,Male,O+,Hypertension,2022-12-15,Carla Combs,Park-Douglas,Aetna,31709.47,168,Urgent,2022-12-25,Paracetamol,Abnormal,Senior (65+),10,2022,12,December,Cardiology
524,BRyaN bOwERS,63,Female,O+,Asthma,2020-09-01,Peter Martinez,"Ruiz, Scott Mitchell and",Blue Cross,9894.81,403,Emergency,2020-10-01,Ibuprofen,Inconclusive,Middle Age (51-65),30,2020,9,September,Pulmonology
525,NIColE mArTIN,75,Female,AB-,Cancer,2019-11-18,Christopher Spears,"and Rodriguez Gallegos Henry,",Blue Cross,29995.43,433,Emergency,2019-12-11,Paracetamol,Abnormal,Senior (65+),23,2019,11,November,Oncology
526,WillIam HaRmON,59,Female,O+,Arthritis,2022-08-22,Carrie Howell,Ltd Miller,Medicare,7796.26,144,Urgent,2022-08-30,Ibuprofen,Inconclusive,Middle Age (51-65),8,2022,8,August,Orthopedics
527,TOM BRoWN,27,Male,A+,Diabetes,2020-08-01,Tina Ray,"Turner Bradford and Allison,",Blue Cross,48965.18,251,Emergency,2020-08-26,Aspirin,Abnormal,Young Adult (20-35),25,2020,8,August,Endocrinology
528,CynthIa NeLSoN,77,Male,A+,Arthritis,2024-01-18,Debbie Jones,Goodwin Ltd,Aetna,16128.25,404,Emergency,2024-02-15,Penicillin,Inconclusive,Senior (65+),28,2024,1,January,Orthopedics
529,TODD gROSS,19,Female,B-,Asthma,2020-03-17,Anthony Ortiz,Carrillo-Price,Medicare,16920.16,206,Emergency,2020-04-10,Lipitor,Abnormal,Teen (13-19),24,2020,3,March,Pulmonology
530,sTEphAnie cHung,58,Male,AB+,Arthritis,2022-08-15,Jason Stewart,and Sons Lee,Aetna,49861.87,207,Emergency,2022-09-01,Ibuprofen,Abnormal,Middle Age (51-65),17,2022,8,August,Orthopedics
531,KayLA PeREZ,57,Male,AB+,Cancer,2023-05-15,Derek Dorsey,Rogers-Robles,Blue Cross,36287.39,263,Elective,2023-05-19,Lipitor,Inconclusive,Middle Age (51-65),4,2023,5,May,Oncology
532,paul marTInez,59,Male,A+,Hypertension,2019-06-27,William Carter,Massey Inc,Medicare,48035.37,414,Urgent,2019-07-19,Ibuprofen,Abnormal,Middle Age (51-65),22,2019,6,June,Cardiology
533,joshuA neLson,62,Male,B+,Hypertension,2023-10-29,Angel Jones,Arias-Galvan,Aetna,22030.69,132,Urgent,2023-11-14,Lipitor,Normal,Middle Age (51-65),16,2023,10,October,Cardiology
534,JAkE COpeLand,71,Male,AB-,Diabetes,2024-01-09,Christopher Fowler,Scott-Moore,UnitedHealthcare,45665.85,387,Elective,2024-01-20,Penicillin,Inconclusive,Senior (65+),11,2024,1,January,Endocrinology
535,mAria GArdNEr,35,Female,B+,Cancer,2020-08-23,Stephanie Herrera,Jarvis-Roberts,Aetna,4415.75,180,Emergency,2020-08-29,Lipitor,Inconclusive,Young Adult (20-35),6,2020,8,August,Oncology
536,jAnEt ROBERTs DDS,34,Male,AB+,Asthma,2020-01-07,Scott Herring,Clay LLC,Blue Cross,41122.29,440,Urgent,2020-01-12,Paracetamol,Normal,Young Adult (20-35),5,2020,1,January,Pulmonology
537,pETeR ramSey,84,Female,O-,Arthritis,2019-10-25,Angela Cook,"Quinn, Bentley and Allen",Cigna,28401.56,377,Elective,2019-11-15,Ibuprofen,Inconclusive,Senior (65+),21,2019,10,October,Orthopedics
538,AsHley farmER,77,Female,AB+,Diabetes,2023-09-20,Michael Davis,Williams PLC,UnitedHealthcare,28228.69,277,Urgent,2023-10-08,Paracetamol,Inconclusive,Senior (65+),18,2023,9,September,Endocrinology
539,kaTHerInE haLE,85,Male,B+,Arthritis,2020-01-12,Thomas Hunt,"Griffith Mccullough Mendoza, and",UnitedHealthcare,2106.39,375,Urgent,2020-01-23,Penicillin,Inconclusive,Senior (65+),11,2020,1,January,Orthopedics
540,GAry BOWEN,34,Female,B+,Asthma,2019-06-04,Dylan Hale,Meyers-Moore,Blue Cross,47398.59,431,Urgent,2019-06-07,Ibuprofen,Normal,Young Adult (20-35),3,2019,6,June,Pulmonology
541,LaURA rYan,72,Female,AB-,Asthma,2021-12-14,Bradley Holt,Blair-Bell,Aetna,47454.59,293,Emergency,2021-12-24,Aspirin,Abnormal,Senior (65+),10,2021,12,December,Pulmonology
542,TiMoThY lOpeZ,33,Female,A-,Diabetes,2023-05-30,Sandra Powers,Lester-Fletcher,Cigna,22257.61,243,Urgent,2023-06-01,Ibuprofen,Abnormal,Young Adult (20-35),2,2023,5,May,Endocrinology
543,ANThoNy gUZmAn,80,Female,AB-,Arthritis,2019-08-26,Evan Campbell,Rodriguez LLC,Blue Cross,30324.07,159,Urgent,2019-09-15,Penicillin,Abnormal,Senior (65+),20,2019,8,August,Orthopedics
544,MIChael ShaRP,24,Female,O-,Arthritis,2019-11-16,Sylvia Villarreal,LLC Baldwin,Medicare,10053.92,371,Emergency,2019-12-02,Aspirin,Abnormal,Young Adult (20-35),16,2019,11,November,Orthopedics
545,daVId CarrOlL,44,Female,A-,Arthritis,2022-04-23,Matthew Hopkins,Riley PLC,Medicare,9823.3,304,Elective,2022-05-19,Lipitor,Normal,Adult (36-50),26,2022,4,April,Orthopedics
546,Connor BARTOn,32,Female,B+,Asthma,2020-02-20,Joseph Miller,Snyder-Perry,Medicare,17862.69,482,Elective,2020-02-21,Paracetamol,Inconclusive,Young Adult (20-35),1,2020,2,February,Pulmonology
547,AnGElA SCOtT,83,Male,B+,Obesity,2022-10-19,Charles Palmer,Perez-Carlson,Blue Cross,17855.8,349,Emergency,2022-11-10,Ibuprofen,Inconclusive,Senior (65+),22,2022,10,October,Endocrinology
548,DAvID ORTiz,80,Male,O-,Arthritis,2022-02-05,Michael Walters,"Richardson Mccormick, Cruz and",Cigna,40178.46,396,Elective,2022-02-18,Penicillin,Inconclusive,Senior (65+),13,2022,2,February,Orthopedics
549,paTRicK pierce,41,Female,B+,Cancer,2019-08-01,Scott Smith,Underwood-Mcguire,Cigna,24690.22,320,Emergency,2019-08-09,Ibuprofen,Abnormal,Adult (36-50),8,2019,8,August,Oncology
550,KeiTH JohnSoN,39,Male,O-,Arthritis,2021-06-19,Nicole Jensen,"Galvan, Lopez Salazar and",UnitedHealthcare,21862.06,497,Elective,2021-07-16,Aspirin,Normal,Adult (36-50),27,2021,6,June,Orthopedics
551,antonio smITh,55,Male,O-,Asthma,2020-06-28,Brent Dickerson,Fisher-Perez,Aetna,29790.85,142,Urgent,2020-07-24,Ibuprofen,Normal,Middle Age (51-65),26,2020,6,June,Pulmonology
552,jOHN TaYlOR,59,Male,A-,Asthma,2019-10-06,Nicole Young,"Maldonado Anderson and Adkins,",Cigna,6539.76,270,Urgent,2019-10-24,Aspirin,Abnormal,Middle Age (51-65),18,2019,10,October,Pulmonology
553,barbAra stEwarT,34,Female,A-,Asthma,2022-07-17,Jared Kemp,Ruiz PLC,Aetna,20453.32,445,Urgent,2022-07-23,Paracetamol,Inconclusive,Young Adult (20-35),6,2022,7,July,Pulmonology
554,lArRy TaNnEr,27,Female,O+,Hypertension,2021-05-22,Dennis Gilbert,Ltd Watts,Cigna,6827.7,119,Urgent,2021-06-09,Paracetamol,Normal,Young Adult (20-35),18,2021,5,May,Cardiology
555,MAllORy diAz,56,Female,O+,Diabetes,2022-08-16,William Mcguire,and Martinez Sons,Cigna,7557.6,264,Urgent,2022-09-04,Aspirin,Inconclusive,Middle Age (51-65),19,2022,8,August,Endocrinology
556,jOhN WILLiams,60,Female,A+,Cancer,2021-03-31,Jesus Wagner,Harrington-Marshall,Aetna,15364.48,181,Emergency,2021-04-18,Ibuprofen,Abnormal,Middle Age (51-65),18,2021,3,March,Oncology
557,peter miller,71,Female,O-,Obesity,2021-09-06,Jose Cooley,Robbins Inc,Aetna,6664.22,228,Elective,2021-09-17,Lipitor,Abnormal,Senior (65+),11,2021,9,September,Endocrinology
558,rYaN bUtLeR,20,Male,AB-,Diabetes,2023-08-26,Andrew Clark,"and Conway George, Huff",Cigna,7235.19,197,Urgent,2023-08-27,Penicillin,Inconclusive,Young Adult (20-35),1,2023,8,August,Endocrinology
559,SaMANTHa lOwERY,75,Male,A+,Asthma,2019-11-27,Evelyn Patterson,Group Thompson,Aetna,20336.49,316,Emergency,2019-12-07,Penicillin,Normal,Senior (65+),10,2019,11,November,Pulmonology
560,TiFFAny LEe,32,Female,A+,Obesity,2023-03-07,Maria Estes,Rodriguez-Arnold,UnitedHealthcare,38668.69,462,Urgent,2023-03-12,Lipitor,Normal,Young Adult (20-35),5,2023,3,March,Endocrinology
561,SamaNthA WiLlIs,66,Female,A-,Diabetes,2022-10-03,Mrs. Linda Miles,"and Sullivan, Mcclure Shields",Aetna,41222.01,255,Elective,2022-10-14,Lipitor,Abnormal,Senior (65+),11,2022,10,October,Endocrinology
562,pAmela BroWn,78,Female,O-,Diabetes,2023-01-10,Catherine Wiley,Charles LLC,Medicare,38520.01,211,Urgent,2023-01-30,Lipitor,Abnormal,Senior (65+),20,2023,1,January,Endocrinology
563,cARLA walkER,49,Male,O-,Cancer,2020-04-12,Olivia Nichols,Morgan-Young,Cigna,44411.12,103,Urgent,2020-05-04,Aspirin,Normal,Adult (36-50),22,2020,4,April,Oncology
564,MaRy GOnzaLeS,73,Male,B-,Arthritis,2020-11-20,Christie Vargas,"Garcia and Nguyen, Leonard",Aetna,26044.25,101,Urgent,2020-12-15,Aspirin,Inconclusive,Senior (65+),25,2020,11,November,Orthopedics
565,SHEllEY FlEmInG,69,Male,AB-,Hypertension,2024-04-26,Nathaniel Jacobson,PLC Fox,Aetna,7902.42,419,Emergency,2024-05-24,Ibuprofen,Abnormal,Senior (65+),28,2024,4,April,Cardiology
566,MARK bLakE,51,Female,A+,Hypertension,2023-06-29,Kayla Clark,"Bell Preston Washington, and",Medicare,46245.58,455,Urgent,2023-07-07,Paracetamol,Abnormal,Middle Age (51-65),8,2023,6,June,Cardiology
567,SCoTT KIng,66,Male,O+,Diabetes,2020-01-11,Jessica Jackson,LLC Hernandez,Aetna,40448.97,497,Emergency,2020-02-07,Paracetamol,Abnormal,Senior (65+),27,2020,1,January,Endocrinology
568,JesSicA dAvis,38,Female,O-,Arthritis,2022-06-05,Lynn Benson,Steele PLC,Medicare,20914.95,276,Elective,2022-06-15,Paracetamol,Normal,Adult (36-50),10,2022,6,June,Orthopedics
569,anthOnY odom,33,Male,O+,Asthma,2024-01-28,Michael Dodson MD,"and Sims, Gonzalez Huff",Medicare,46682.45,385,Elective,2024-02-22,Paracetamol,Inconclusive,Young Adult (20-35),25,2024,1,January,Pulmonology
570,charleS bRoWN,27,Male,B-,Cancer,2021-11-06,David Nunez,Allen-Perez,UnitedHealthcare,10965.7,298,Elective,2021-11-07,Penicillin,Normal,Young Adult (20-35),1,2021,11,November,Oncology
571,raChel DaVIS,36,Male,B-,Cancer,2021-07-21,Lindsay Pierce,"and Alexander Crawford Graham,",Aetna,27507.04,286,Emergency,2021-07-31,Ibuprofen,Normal,Adult (36-50),10,2021,7,July,Oncology
572,SAndRa mccALl,41,Male,A-,Cancer,2019-11-23,Dr. Jeffrey Barnes Jr.,Moyer-Lamb,UnitedHealthcare,12678.1,141,Urgent,2019-12-06,Penicillin,Normal,Adult (36-50),13,2019,11,November,Oncology
573,NiCole FraNCIS,33,Male,AB-,Asthma,2019-05-30,Kristie Roberts,Taylor-Wilson,Aetna,38395.53,215,Emergency,2019-06-29,Ibuprofen,Inconclusive,Young Adult (20-35),30,2019,5,May,Pulmonology
574,STEVEN SmitH,56,Female,AB-,Asthma,2024-03-23,Allison Harper,PLC Sutton,Medicare,28510.81,185,Emergency,2024-04-14,Lipitor,Inconclusive,Middle Age (51-65),22,2024,3,March,Pulmonology
575,KAREn johnsoN,25,Male,O+,Obesity,2019-06-23,Heather Howard,and Sons Sanders,Medicare,43400.67,300,Emergency,2019-07-12,Aspirin,Abnormal,Young Adult (20-35),19,2019,6,June,Endocrinology
576,anna ROgERs,21,Female,O-,Asthma,2022-01-30,Vickie King,Gentry and Sons,Aetna,46890.43,307,Elective,2022-02-26,Aspirin,Abnormal,Young Adult (20-35),27,2022,1,January,Pulmonology
577,pRiSCiLlA dEckEr,57,Male,B-,Cancer,2022-11-12,Christopher Yoder,Haynes-Silva,Cigna,48491.64,129,Elective,2022-11-22,Penicillin,Normal,Middle Age (51-65),10,2022,11,November,Oncology
578,tREVor WRiGHt,39,Female,O+,Cancer,2020-12-22,Matthew Nelson,"Marshall, and Koch Harper",Blue Cross,13643.73,380,Elective,2020-12-27,Lipitor,Normal,Adult (36-50),5,2020,12,December,Oncology
579,WiLlIAm tuCKEr,51,Female,A-,Diabetes,2022-05-22,Martin Lynch,Duffy-Jackson,Cigna,5415.28,209,Emergency,2022-06-08,Aspirin,Inconclusive,Middle Age (51-65),17,2022,5,May,Endocrinology
580,JEsSIca KElLer,31,Male,B+,Hypertension,2021-03-27,David Hall,Brown-Diaz,Aetna,44008.05,392,Elective,2021-04-23,Lipitor,Abnormal,Young Adult (20-35),27,2021,3,March,Cardiology
581,WILliAM hEnRY,85,Male,AB-,Asthma,2022-06-22,Benjamin Tyler,Mcdaniel-Castaneda,UnitedHealthcare,43866.66,420,Urgent,2022-07-22,Aspirin,Normal,Senior (65+),30,2022,6,June,Pulmonology
582,RobiN Clarke,76,Male,O+,Diabetes,2022-07-15,Tyler Adams DDS,Lyons LLC,Blue Cross,45242.86,174,Emergency,2022-07-19,Penicillin,Abnormal,Senior (65+),4,2022,7,July,Endocrinology
583,jessIca gARZa,59,Male,A+,Asthma,2022-06-06,William White,PLC French,Aetna,13550.12,250,Elective,2022-06-30,Paracetamol,Normal,Middle Age (51-65),24,2022,6,June,Pulmonology
584,JAmIe salaZAR,64,Male,O-,Diabetes,2020-12-29,Amanda Webb,LLC Coleman,Blue Cross,34963.64,277,Urgent,2021-01-07,Aspirin,Inconclusive,Middle Age (51-65),9,2020,12,December,Endocrinology
585,stevEN VAugHaN,28,Male,A+,Arthritis,2020-05-23,Travis Holmes,Tucker-Warren,UnitedHealthcare,48890.45,324,Elective,2020-06-12,Penicillin,Abnormal,Young Adult (20-35),20,2020,5,May,Orthopedics
586,MIChAeL contreraS,63,Male,A-,Obesity,2022-07-25,Amy Small,Wang-Hill,Medicare,17159.58,330,Emergency,2022-08-22,Ibuprofen,Normal,Middle Age (51-65),28,2022,7,July,Endocrinology
587,AllEn roBeRTs,24,Male,A-,Arthritis,2021-04-01,Katherine Gutierrez,Jones Ltd,Cigna,7192.63,443,Emergency,2021-04-19,Penicillin,Abnormal,Young Adult (20-35),18,2021,4,April,Orthopedics
588,aMy POwEll,81,Male,B+,Arthritis,2020-07-20,Susan Hess,"White West Herman, and",Medicare,44982.85,121,Elective,2020-07-29,Lipitor,Normal,Senior (65+),9,2020,7,July,Orthopedics
589,KeNNeth sMitH,74,Male,A+,Diabetes,2020-02-28,Kristen Thornton,Inc Newton,Medicare,16004.47,254,Emergency,2020-03-28,Ibuprofen,Inconclusive,Senior (65+),29,2020,2,February,Endocrinology
590,maTThEW WEsT,28,Male,AB+,Cancer,2023-08-30,Jerry Fisher,Huerta-Sanchez,UnitedHealthcare,7320.04,458,Elective,2023-09-17,Ibuprofen,Normal,Young Adult (20-35),18,2023,8,August,Oncology
591,ERIK MOntoyA,27,Male,AB-,Obesity,2020-07-27,Elizabeth Miller,Snyder-Parrish,Blue Cross,28329.82,470,Emergency,2020-08-24,Aspirin,Normal,Young Adult (20-35),28,2020,7,July,Endocrinology
592,aUSTin lEwis,24,Male,AB-,Diabetes,2021-03-28,Reginald Grimes,Inc Bryant,UnitedHealthcare,24130.52,214,Urgent,2021-04-05,Paracetamol,Inconclusive,Young Adult (20-35),8,2021,3,March,Endocrinology
593,KennEtH ThOmPSon,63,Male,A-,Diabetes,2022-05-08,Steven Smith,Williams Inc,Cigna,22361.15,445,Emergency,2022-05-10,Paracetamol,Normal,Middle Age (51-65),2,2022,5,May,Endocrinology
594,AMANDa DURhAm,46,Female,O+,Obesity,2021-06-16,Katelyn Davis,"Smith White, and Ryan",Blue Cross,19650.0,108,Emergency,2021-07-06,Lipitor,Inconclusive,Adult (36-50),20,2021,6,June,Endocrinology
595,stEphen HUdSON,35,Female,AB+,Arthritis,2023-10-31,Matthew Jones,"Williams Dillon White, and",Aetna,30986.93,346,Urgent,2023-11-21,Paracetamol,Abnormal,Young Adult (20-35),21,2023,10,October,Orthopedics
596,CASsanDRA VeLaZquEZ,28,Female,B+,Diabetes,2022-04-23,Diana Tran,Vargas-Cohen,UnitedHealthcare,45987.16,293,Elective,2022-05-11,Penicillin,Normal,Young Adult (20-35),18,2022,4,April,Endocrinology
597,suSAN peNA,80,Female,B+,Obesity,2021-12-09,Kevin Kelley,Gardner Group,Medicare,11086.73,482,Urgent,2021-12-12,Lipitor,Inconclusive,Senior (65+),3,2021,12,December,Endocrinology
598,anTHoNY PerKinS,31,Male,O-,Obesity,2024-01-10,Anthony Green,Garcia-Blake,Medicare,28483.88,265,Urgent,2024-02-02,Lipitor,Abnormal,Young Adult (20-35),23,2024,1,January,Endocrinology
599,KATRIna LOPEz,69,Female,O+,Diabetes,2019-11-17,Jordan Porter,Castaneda-Tran,Cigna,37905.96,368,Emergency,2019-12-15,Lipitor,Inconclusive,Senior (65+),28,2019,11,November,Endocrinology
600,bRiAn FoSTER,82,Male,AB+,Asthma,2022-01-05,James Thompson,Kim-Ibarra,Medicare,27878.85,472,Elective,2022-01-11,Ibuprofen,Normal,Senior (65+),6,2022,1,January,Pulmonology
601,JaSon ThOMPson,64,Female,B+,Arthritis,2024-01-15,Andrea King,Boyer-Burgess,Aetna,13900.05,442,Urgent,2024-02-10,Ibuprofen,Inconclusive,Middle Age (51-65),26,2024,1,January,Orthopedics
602,david AYaLa,77,Female,O+,Arthritis,2022-11-17,Lucas Torres,Cross Ltd,Aetna,30575.76,116,Urgent,2022-12-15,Paracetamol,Abnormal,Senior (65+),28,2022,11,November,Orthopedics
603,jaReD YoDER,32,Male,O+,Obesity,2021-08-02,Sarah Garcia,"Patel Payne, and Young",Medicare,11941.63,478,Urgent,2021-08-26,Lipitor,Normal,Young Adult (20-35),24,2021,8,August,Endocrinology
604,gRegoRY cANnON,70,Female,A+,Diabetes,2020-04-20,Amanda Alvarado,Group Santana,Medicare,7422.73,496,Elective,2020-04-23,Lipitor,Abnormal,Senior (65+),3,2020,4,April,Endocrinology
605,LISa aNdERSON,50,Female,O-,Hypertension,2023-06-28,Samantha Preston,Sons and Cook,Medicare,34005.55,368,Urgent,2023-06-30,Ibuprofen,Inconclusive,Adult (36-50),2,2023,6,June,Cardiology
606,ELIzabEtH ShIelDs,29,Male,O+,Asthma,2022-04-06,David Maxwell,Martin-Rice,UnitedHealthcare,48574.83,448,Elective,2022-04-30,Penicillin,Inconclusive,Young Adult (20-35),24,2022,4,April,Pulmonology
607,PatriCiA kIM,66,Female,AB+,Cancer,2021-03-31,Kevin Butler,"Ortiz, and Rios Price",Cigna,45010.8,302,Urgent,2021-04-16,Lipitor,Abnormal,Senior (65+),16,2021,3,March,Oncology
608,JessiCA sOto,70,Male,AB+,Obesity,2020-03-07,Shannon Sanchez,Barnes-Williams,UnitedHealthcare,7409.34,418,Elective,2020-03-29,Aspirin,Normal,Senior (65+),22,2020,3,March,Endocrinology
609,JEnNY ReYnOLDS,56,Female,B-,Cancer,2020-06-03,Shelly Bright,Hardy-Gutierrez,Cigna,34968.08,280,Urgent,2020-06-21,Paracetamol,Abnormal,Middle Age (51-65),18,2020,6,June,Oncology
610,SHANnon baRRett,85,Male,B-,Asthma,2021-08-31,Stephanie Wilcox,Cole LLC,Aetna,5648.18,113,Elective,2021-09-17,Aspirin,Inconclusive,Senior (65+),17,2021,8,August,Pulmonology
611,tERrI PERry,67,Male,AB+,Cancer,2022-09-22,Amy Diaz,White-Rowe,UnitedHealthcare,14227.32,484,Elective,2022-10-11,Paracetamol,Normal,Senior (65+),19,2022,9,September,Oncology
612,Joseph MaddEN,50,Female,B+,Arthritis,2022-07-02,Stacey Nguyen,"Rodriguez Harris, Willis and",Medicare,47551.57,179,Elective,2022-07-15,Ibuprofen,Inconclusive,Adult (36-50),13,2022,7,July,Orthopedics
613,RebECCa hOGAN,52,Female,O+,Asthma,2019-06-18,Peter Wright,"Santana Garcia, Alexander and",Aetna,42301.91,132,Elective,2019-07-08,Aspirin,Abnormal,Middle Age (51-65),20,2019,6,June,Pulmonology
614,kELly WAlKER,84,Male,B-,Hypertension,2019-07-19,Eric Shaw,Collins-Lozano,Aetna,2275.64,335,Urgent,2019-08-08,Aspirin,Normal,Senior (65+),20,2019,7,July,Cardiology
615,jUlIa muEllER,70,Male,A-,Cancer,2022-01-06,Susan Gaines,Brown-Clark,Cigna,10003.67,169,Elective,2022-01-27,Paracetamol,Normal,Senior (65+),21,2022,1,January,Oncology
616,KAyLa mOORe,66,Male,AB-,Diabetes,2022-02-08,Collin Green,"Mcmahon and Kim, Holmes",Aetna,42653.77,263,Urgent,2022-02-28,Lipitor,Normal,Senior (65+),20,2022,2,February,Endocrinology
617,KAITLyn SmItH,74,Male,AB-,Hypertension,2022-12-09,Richard Harris,Gomez-Smith,Cigna,10722.5,206,Elective,2022-12-28,Penicillin,Inconclusive,Senior (65+),19,2022,12,December,Cardiology
618,DAnIEL KemP,75,Female,O+,Obesity,2020-06-14,Charles Fernandez,"Hall Lee Bailey, and",Blue Cross,47516.52,356,Urgent,2020-06-20,Lipitor,Normal,Senior (65+),6,2020,6,June,Endocrinology
619,laurA mYeRs,61,Male,B+,Obesity,2021-03-12,Kyle Williams MD,"Brennan Bentley, and Hunter",Cigna,41379.38,354,Urgent,2021-03-25,Lipitor,Inconclusive,Middle Age (51-65),13,2021,3,March,Endocrinology
620,Carol ReEd,82,Male,AB+,Asthma,2022-12-27,Susan Rios DDS,"Mullins, Gray and Reed",UnitedHealthcare,27481.33,411,Elective,2023-01-12,Paracetamol,Abnormal,Senior (65+),16,2022,12,December,Pulmonology
621,JesSIcA caRtER,51,Female,A-,Obesity,2019-12-08,Sarah Ibarra,Anderson Group,Cigna,32006.03,200,Urgent,2020-01-05,Penicillin,Normal,Middle Age (51-65),28,2019,12,December,Endocrinology
622,vANeSsa ScHaEFeR,37,Female,A-,Arthritis,2023-06-19,Jonathan Burns MD,"Walsh, Howell and Jennings",UnitedHealthcare,14405.94,312,Elective,2023-07-14,Lipitor,Inconclusive,Adult (36-50),25,2023,6,June,Orthopedics
623,MIgUeL GOmeZ,51,Male,B+,Hypertension,2019-05-10,Jennifer Miller,Haney-Marshall,UnitedHealthcare,24691.25,484,Urgent,2019-06-07,Penicillin,Normal,Middle Age (51-65),28,2019,5,May,Cardiology
624,linDa cARdeNas,23,Male,A-,Asthma,2021-06-11,Zachary Scott,"Rich and Roach, King",Blue Cross,47491.39,305,Elective,2021-06-27,Ibuprofen,Abnormal,Young Adult (20-35),16,2021,6,June,Pulmonology
625,annEtTE JAMES,70,Male,B-,Asthma,2019-10-27,Dennis Robbins,"Johnson, and Petty Rubio",Blue Cross,37861.51,428,Emergency,2019-11-12,Lipitor,Normal,Senior (65+),16,2019,10,October,Pulmonology
626,sUSaN HuRLEY,60,Female,B+,Cancer,2022-08-27,Sean Rodgers,"Morse, Hudson Williams and",Aetna,22952.73,342,Elective,2022-09-15,Penicillin,Normal,Middle Age (51-65),19,2022,8,August,Oncology
627,carOLyN Wade,45,Female,A+,Arthritis,2019-08-08,Nathan Payne,"Kane, and Dickson Schwartz",UnitedHealthcare,2735.03,497,Emergency,2019-08-14,Penicillin,Inconclusive,Adult (36-50),6,2019,8,August,Orthopedics
628,aNgeLA DelEon,30,Male,A-,Arthritis,2023-02-12,Kristina Gray,Inc Mccullough,Medicare,37755.48,128,Elective,2023-02-17,Paracetamol,Normal,Young Adult (20-35),5,2023,2,February,Orthopedics
629,cAROLYN COoPer,35,Male,A+,Hypertension,2021-05-04,Regina Bryant,Taylor-Wong,Medicare,2691.05,338,Elective,2021-05-10,Penicillin,Inconclusive,Young Adult (20-35),6,2021,5,May,Cardiology
630,reBEcca hARRIs,51,Female,O+,Obesity,2021-07-11,Karen Donovan,Avery-Roy,Aetna,7897.29,335,Elective,2021-07-28,Lipitor,Normal,Middle Age (51-65),17,2021,7,July,Endocrinology
631,garY cUrtIS,61,Male,A+,Diabetes,2021-02-10,Amber Lopez,LLC Anderson,Medicare,4446.34,345,Emergency,2021-02-18,Lipitor,Inconclusive,Middle Age (51-65),8,2021,2,February,Endocrinology
632,ryaN LIU,52,Female,AB+,Diabetes,2021-10-16,Vernon Diaz,Castaneda-Young,Blue Cross,20852.15,380,Elective,2021-11-04,Penicillin,Normal,Middle Age (51-65),19,2021,10,October,Endocrinology
633,DenNiS MOrROw,64,Female,B+,Diabetes,2019-10-03,Luke Nunez,"and Thomas Strong, Cook",UnitedHealthcare,47701.48,109,Urgent,2019-10-25,Lipitor,Inconclusive,Middle Age (51-65),22,2019,10,October,Endocrinology
634,JEnNiFEr COOpER,25,Male,A+,Obesity,2020-04-26,Mary Williams,Wells-Price,Aetna,49934.14,258,Elective,2020-05-02,Aspirin,Abnormal,Young Adult (20-35),6,2020,4,April,Endocrinology
635,JaCOB loPez,76,Female,B-,Obesity,2019-09-13,Gina Richards,Rios Ltd,Medicare,17263.95,394,Emergency,2019-09-19,Penicillin,Abnormal,Senior (65+),6,2019,9,September,Endocrinology
636,carOL McClain,52,Female,B-,Diabetes,2022-01-20,Julie West,Vincent-Hill,Aetna,45274.4,102,Emergency,2022-02-06,Penicillin,Inconclusive,Middle Age (51-65),17,2022,1,January,Endocrinology
637,mIChaeL RiChArdsoN,77,Male,B+,Obesity,2023-10-14,Greg Scott,Brooks LLC,Medicare,10057.92,130,Elective,2023-11-04,Paracetamol,Abnormal,Senior (65+),21,2023,10,October,Endocrinology
638,MARK NGuYEn,83,Male,A+,Diabetes,2019-11-23,Tracy Serrano,Group Carpenter,Medicare,36369.09,148,Urgent,2019-11-26,Aspirin,Normal,Senior (65+),3,2019,11,November,Endocrinology
639,EriC COOk,57,Female,B-,Cancer,2023-12-05,Rhonda Gilbert,"Henderson Carpenter and Barrett,",Blue Cross,3548.05,431,Elective,2023-12-31,Lipitor,Abnormal,Middle Age (51-65),26,2023,12,December,Oncology
640,kRISTeN STEPheNS,54,Male,B+,Arthritis,2021-02-01,Penny Bryant,Mcdaniel-Walsh,UnitedHealthcare,10011.29,145,Emergency,2021-02-07,Lipitor,Inconclusive,Middle Age (51-65),6,2021,2,February,Orthopedics
641,DaNa WAltoN,62,Male,A-,Cancer,2022-06-30,Edward Webster,Ross-Jones,Blue Cross,14876.33,396,Urgent,2022-07-01,Lipitor,Inconclusive,Middle Age (51-65),1,2022,6,June,Oncology
642,Scott arNOLd,37,Male,B-,Arthritis,2023-11-09,Brandon Flores,"Mathews, Smith and Moss",Medicare,30294.65,216,Elective,2023-11-29,Penicillin,Normal,Adult (36-50),20,2023,11,November,Orthopedics
643,MEGan wHEEleR,56,Female,B+,Hypertension,2020-07-30,Courtney Crane,"and Lawrence, Williams Thomas",Blue Cross,45888.7,365,Elective,2020-08-10,Paracetamol,Abnormal,Middle Age (51-65),11,2020,7,July,Cardiology
644,AaRON coX,68,Female,O+,Arthritis,2022-04-10,Eric Wallace,Wilkerson Group,UnitedHealthcare,31958.4,203,Elective,2022-04-19,Lipitor,Normal,Senior (65+),9,2022,4,April,Orthopedics
645,CassanDRA MArTineZ,46,Male,A-,Obesity,2020-01-02,Nicole Norton,Villanueva-Garcia,Medicare,22645.79,169,Urgent,2020-01-16,Paracetamol,Normal,Adult (36-50),14,2020,1,January,Endocrinology
646,SHawn bROwn,62,Male,B-,Hypertension,2023-11-10,Angela Cunningham,Duffy-Bowman,Medicare,21297.41,362,Emergency,2023-12-01,Paracetamol,Abnormal,Middle Age (51-65),21,2023,11,November,Cardiology
647,SAnDRa WillIamSon,49,Female,AB-,Diabetes,2021-02-14,Jessica Morgan,Tyler-Velasquez,Cigna,26432.16,402,Urgent,2021-02-18,Aspirin,Inconclusive,Adult (36-50),4,2021,2,February,Endocrinology
648,jenniFeR sTephEnS,75,Male,B-,Hypertension,2022-07-16,Shari Foster,James Inc,Cigna,6336.71,428,Emergency,2022-08-13,Ibuprofen,Normal,Senior (65+),28,2022,7,July,Cardiology
649,stePHANIe ROdRigueZ,40,Female,O+,Diabetes,2023-05-15,Danielle Collins,Montgomery-Jones,Medicare,31063.56,345,Elective,2023-05-27,Penicillin,Normal,Adult (36-50),12,2023,5,May,Endocrinology
650,CaROlIne mCinTyRe,51,Female,AB+,Arthritis,2020-04-30,Beth Mckenzie,Montgomery-Anthony,UnitedHealthcare,10710.33,461,Urgent,2020-05-22,Penicillin,Abnormal,Middle Age (51-65),22,2020,4,April,Orthopedics
651,Mr. cAMeROn RoBINsoN,64,Male,AB+,Asthma,2021-01-12,Evan Johnson,Davis-Padilla,Blue Cross,25066.52,454,Urgent,2021-01-25,Ibuprofen,Abnormal,Middle Age (51-65),13,2021,1,January,Pulmonology
652,taMmY pINEdA,49,Female,O-,Arthritis,2019-05-23,Wendy Rivera,Ellison-Hayden,Cigna,13396.9,273,Emergency,2019-06-02,Paracetamol,Normal,Adult (36-50),10,2019,5,May,Orthopedics
653,nATaLiE aNdeRson,74,Male,A+,Obesity,2023-04-23,Cindy Maxwell,Long-Lee,Blue Cross,29822.1,231,Emergency,2023-05-09,Lipitor,Normal,Senior (65+),16,2023,4,April,Endocrinology
654,jAsminE RodrIgueZ,66,Female,A-,Hypertension,2022-12-07,Crystal Hays,Graves LLC,Medicare,12025.35,434,Urgent,2023-01-01,Aspirin,Abnormal,Senior (65+),25,2022,12,December,Cardiology
655,deBRA MCkee,52,Female,A-,Arthritis,2020-10-25,Jay Barr,and Sons Dixon,Aetna,33708.86,191,Elective,2020-11-04,Lipitor,Abnormal,Middle Age (51-65),10,2020,10,October,Orthopedics
656,sANDRa GReENe,58,Female,B-,Obesity,2021-04-08,Lisa Long,"Clark, Garza Tate and",Cigna,40825.08,231,Elective,2021-05-01,Ibuprofen,Normal,Middle Age (51-65),23,2021,4,April,Endocrinology
657,cRystAl MorRIS,21,Male,B-,Arthritis,2020-09-09,Brianna Kelly,Bates Inc,Aetna,27345.46,371,Emergency,2020-10-04,Aspirin,Inconclusive,Young Adult (20-35),25,2020,9,September,Orthopedics
658,jaSoN pArKER,69,Male,AB+,Arthritis,2019-12-06,David Hanson,LLC Sanford,Aetna,38751.8,439,Emergency,2019-12-08,Ibuprofen,Inconclusive,Senior (65+),2,2019,12,December,Orthopedics
659,ROy JONEs,47,Female,AB-,Asthma,2023-02-16,David Stevens,and Harper Sons,Aetna,6252.08,365,Elective,2023-03-06,Penicillin,Inconclusive,Adult (36-50),18,2023,2,February,Pulmonology
660,RIcHaRd aNDeRsoN,51,Female,O-,Hypertension,2023-09-12,Richard Ayala,"Young Mcclain, Newman and",UnitedHealthcare,18714.34,270,Emergency,2023-10-12,Penicillin,Abnormal,Middle Age (51-65),30,2023,9,September,Cardiology
661,JenNIfEr FoSTer,20,Female,A+,Cancer,2019-11-21,Nathan Adams,"Ray, Cain and Miller",Blue Cross,14291.7,436,Elective,2019-12-11,Ibuprofen,Inconclusive,Young Adult (20-35),20,2019,11,November,Oncology
662,dEBBIE wILSOn,38,Female,B-,Hypertension,2019-07-14,Jennifer Munoz,Zamora-Rivers,Blue Cross,38210.96,413,Elective,2019-07-19,Lipitor,Inconclusive,Adult (36-50),5,2019,7,July,Cardiology
663,tRavIS flOreS,70,Female,AB+,Obesity,2019-10-03,Beth Brown,"and Perez Smith, Kim",Aetna,7074.79,339,Emergency,2019-11-02,Paracetamol,Inconclusive,Senior (65+),30,2019,10,October,Endocrinology
664,emIly yOUNg,73,Male,O-,Arthritis,2019-07-04,Karen Jones,Johnson-Wilson,UnitedHealthcare,35419.51,500,Elective,2019-07-06,Penicillin,Abnormal,Senior (65+),2,2019,7,July,Orthopedics
665,sANDy halL,44,Male,AB+,Hypertension,2019-05-26,Seth Burnett,Delacruz-Chavez,Medicare,3852.95,328,Emergency,2019-06-08,Paracetamol,Abnormal,Adult (36-50),13,2019,5,May,Cardiology
666,madIsOn WRigHT,44,Female,A+,Obesity,2021-12-12,Kevin Johnson,"and Gonzalez, Warren Moore",Cigna,48747.55,321,Elective,2021-12-18,Paracetamol,Normal,Adult (36-50),6,2021,12,December,Endocrinology
667,AMy manN,54,Male,AB-,Hypertension,2021-05-22,Julie Garza,Ramirez-Humphrey,Aetna,40577.6,101,Urgent,2021-06-01,Penicillin,Abnormal,Middle Age (51-65),10,2021,5,May,Cardiology
668,Jason stEELe,45,Male,AB-,Diabetes,2020-09-03,Brian Mack,and Sons Ford,UnitedHealthcare,16648.55,424,Emergency,2020-09-15,Aspirin,Normal,Adult (36-50),12,2020,9,September,Endocrinology
669,PAmEla mIDdlEtoN,18,Female,B-,Arthritis,2022-03-30,Jennifer Johnson,"and Wells, Thomas Kline",UnitedHealthcare,38588.97,449,Urgent,2022-04-13,Penicillin,Abnormal,Teen (13-19),14,2022,3,March,Orthopedics
670,liSA JAcKsOn,44,Male,B+,Hypertension,2019-12-20,Joseph Barnes,Wood-Herring,Cigna,32990.19,486,Elective,2020-01-18,Ibuprofen,Normal,Adult (36-50),29,2019,12,December,Cardiology
671,SaMantHA PATEl,28,Female,A+,Obesity,2022-01-21,Daryl Cross,Wilkerson LLC,Medicare,20115.76,236,Urgent,2022-02-20,Paracetamol,Abnormal,Young Adult (20-35),30,2022,1,January,Endocrinology
672,HeRberT RodRIGUEZ,42,Male,A+,Obesity,2020-05-19,Jonathan Edwards,Brown-Henry,Medicare,5947.69,196,Emergency,2020-06-12,Aspirin,Inconclusive,Adult (36-50),24,2020,5,May,Endocrinology
673,OliviA pOWELl,61,Female,A+,Diabetes,2024-02-20,Adam Hardy,Sheppard-Livingston,Cigna,28281.35,477,Emergency,2024-03-08,Penicillin,Abnormal,Middle Age (51-65),17,2024,2,February,Endocrinology
674,SAmaNThA PERkins,75,Female,AB-,Cancer,2023-08-31,Robert Ashley,Golden PLC,Medicare,30873.62,252,Elective,2023-09-07,Ibuprofen,Inconclusive,Senior (65+),7,2023,8,August,Oncology
675,mIchaeL POtTs,85,Male,A+,Hypertension,2023-01-19,Mary Vaughn,"and Perez, Bennett Townsend",Cigna,9542.74,289,Emergency,2023-01-28,Paracetamol,Abnormal,Senior (65+),9,2023,1,January,Cardiology
676,KeRRy HErnANDEz,74,Male,O-,Obesity,2023-11-20,Steven Simmons,"Johnson, and Benson Harris",Blue Cross,32429.62,191,Emergency,2023-12-17,Ibuprofen,Inconclusive,Senior (65+),27,2023,11,November,Endocrinology
677,jOSHUa reyEs,59,Male,AB+,Obesity,2021-07-28,Mrs. Jessica Martinez,"and Clay, Morton Cunningham",Cigna,5588.99,459,Urgent,2021-08-03,Penicillin,Normal,Middle Age (51-65),6,2021,7,July,Endocrinology
678,JeNniFER oRteGA,49,Male,A-,Asthma,2023-04-04,Erin Arias,Anderson-Estrada,UnitedHealthcare,31497.55,265,Emergency,2023-04-27,Lipitor,Inconclusive,Adult (36-50),23,2023,4,April,Pulmonology
679,BrIttANY BRaun,85,Female,B-,Obesity,2020-08-11,Daniel Golden,and Sons Carlson,Cigna,14283.02,138,Elective,2020-08-24,Ibuprofen,Inconclusive,Senior (65+),13,2020,8,August,Endocrinology
680,daniel cHEn,51,Female,B+,Hypertension,2020-01-28,Anthony Malone,Gonzalez Inc,Cigna,15422.04,154,Urgent,2020-02-21,Ibuprofen,Inconclusive,Middle Age (51-65),24,2020,1,January,Cardiology
681,ErICA hart,23,Male,AB+,Asthma,2020-01-07,Charlotte Reyes MD,Schaefer-Hoffman,Cigna,40309.28,219,Emergency,2020-02-05,Penicillin,Inconclusive,Young Adult (20-35),29,2020,1,January,Pulmonology
682,alIcIa scOTt,26,Male,O-,Asthma,2020-04-20,Miguel Green,Wilson Group,Aetna,45916.32,301,Elective,2020-05-17,Penicillin,Abnormal,Young Adult (20-35),27,2020,4,April,Pulmonology
683,amandA aGUIrRE,59,Female,AB+,Obesity,2020-03-18,Frederick White,"and Vargas Reynolds Evans,",Blue Cross,41632.52,395,Elective,2020-03-25,Penicillin,Normal,Middle Age (51-65),7,2020,3,March,Endocrinology
684,mark hIcKs,25,Female,AB-,Diabetes,2020-06-18,Lisa Ruiz,"Cantu and Tanner Rojas,",Medicare,7437.42,412,Emergency,2020-06-23,Paracetamol,Inconclusive,Young Adult (20-35),5,2020,6,June,Endocrinology
685,TIMOtHy daVIS,29,Male,O-,Cancer,2023-07-15,Cody Rice,"Thornton, Adams Mccarty and",Medicare,38860.02,436,Elective,2023-07-27,Aspirin,Abnormal,Young Adult (20-35),12,2023,7,July,Oncology
686,LONNIE DomInguEZ,25,Male,A-,Hypertension,2023-10-02,April Foster,Cantrell-Griffith,Cigna,6662.24,249,Urgent,2023-10-24,Ibuprofen,Inconclusive,Young Adult (20-35),22,2023,10,October,Cardiology
687,KIMbERLY hALE,61,Male,B-,Diabetes,2021-01-13,Justin Russell,Martin Group,Cigna,13074.22,147,Urgent,2021-02-05,Aspirin,Inconclusive,Middle Age (51-65),23,2021,1,January,Endocrinology
688,Dana WilLIAMsoN,46,Male,A+,Hypertension,2022-05-16,Daniel Thomas,and Sons Nelson,Aetna,10443.21,408,Elective,2022-05-31,Aspirin,Inconclusive,Adult (36-50),15,2022,5,May,Cardiology
689,mr. GEORGe BROwN jr.,54,Male,AB-,Hypertension,2019-10-22,Emily Williamson,Ramirez-Hill,Blue Cross,20227.04,144,Emergency,2019-11-01,Aspirin,Abnormal,Middle Age (51-65),10,2019,10,October,Cardiology
690,ALLEn cAmACho,41,Male,A+,Obesity,2019-08-09,Veronica Christian,Jackson-Butler,Medicare,38779.21,268,Emergency,2019-09-03,Paracetamol,Abnormal,Adult (36-50),25,2019,8,August,Endocrinology
691,NATHan woOdS,21,Female,O-,Asthma,2023-12-30,Monica Odonnell,Miller-Avila,Aetna,4561.66,357,Elective,2024-01-27,Lipitor,Abnormal,Young Adult (20-35),28,2023,12,December,Pulmonology
692,caTheriNe sMitH,38,Female,AB+,Diabetes,2022-07-11,Cody Berger,Reyes-Crawford,Medicare,1656.55,176,Elective,2022-08-03,Lipitor,Abnormal,Adult (36-50),23,2022,7,July,Endocrinology
693,JerRy leE,75,Male,AB+,Obesity,2020-09-19,Jeffrey White,Marshall-Smith,Aetna,28463.86,200,Emergency,2020-10-06,Penicillin,Inconclusive,Senior (65+),17,2020,9,September,Endocrinology
694,AlexaNder COLEMan,44,Male,B+,Cancer,2019-09-06,Stacey Burgess,"and Peterson Matthews Robinson,",UnitedHealthcare,5268.69,142,Urgent,2019-09-07,Ibuprofen,Inconclusive,Adult (36-50),1,2019,9,September,Oncology
695,dAvid JENSEN,23,Male,O-,Obesity,2019-11-22,Ethan Spencer,Nelson PLC,Cigna,24011.7,442,Emergency,2019-12-22,Paracetamol,Inconclusive,Young Adult (20-35),30,2019,11,November,Endocrinology
696,DeBORAH EVaNs,45,Female,B-,Cancer,2020-07-22,Jonathan Baker,Perez-Mitchell,Medicare,18467.08,177,Elective,2020-07-24,Penicillin,Abnormal,Adult (36-50),2,2020,7,July,Oncology
697,ALEXaNdRIa coLon,58,Male,B+,Cancer,2022-03-01,Tonya Burton,"Gross, Thompson Smith and",Aetna,3782.74,134,Urgent,2022-03-19,Paracetamol,Abnormal,Middle Age (51-65),18,2022,3,March,Oncology
698,sAMUEL HANSOn,34,Male,B-,Diabetes,2023-03-01,Phillip Campos,"Burch, Moore and Thompson",Aetna,11921.66,355,Urgent,2023-03-21,Ibuprofen,Inconclusive,Young Adult (20-35),20,2023,3,March,Endocrinology
699,BryaN phILliPS,54,Female,B+,Obesity,2021-04-22,Billy Rodgers,Hamilton Group,Cigna,16725.98,361,Urgent,2021-05-11,Lipitor,Abnormal,Middle Age (51-65),19,2021,4,April,Endocrinology
700,naThaN wileY,29,Female,A+,Obesity,2020-09-23,Sherri Campbell,Shaw LLC,Cigna,39700.82,421,Urgent,2020-09-25,Paracetamol,Inconclusive,Young Adult (20-35),2,2020,9,September,Endocrinology
701,ALiShA muRpHy,54,Female,A+,Cancer,2023-01-08,Alex Neal,"and Day, Lewis Coleman",Medicare,2568.01,136,Emergency,2023-01-19,Lipitor,Abnormal,Middle Age (51-65),11,2023,1,January,Oncology
702,AMANdA lUcEro,46,Male,AB-,Asthma,2022-08-17,Mark Martin,Stone-Perez,Medicare,15242.39,203,Elective,2022-09-08,Paracetamol,Abnormal,Adult (36-50),22,2022,8,August,Pulmonology
703,SHeIla SelLErs,35,Female,AB+,Hypertension,2021-06-15,James Smith,Ltd Foley,UnitedHealthcare,31054.05,114,Urgent,2021-06-25,Lipitor,Normal,Young Adult (20-35),10,2021,6,June,Cardiology
704,sUSaN Chan,58,Female,AB+,Obesity,2024-03-01,Amber Walker,Ward-Mayer,Blue Cross,49118.59,114,Urgent,2024-03-20,Lipitor,Inconclusive,Middle Age (51-65),19,2024,3,March,Endocrinology
705,AnGEL MiTChelL,36,Female,AB+,Hypertension,2023-12-11,Laura Pena,and Martinez Sons,Medicare,3235.58,146,Elective,2024-01-08,Aspirin,Normal,Adult (36-50),28,2023,12,December,Cardiology
706,DARleNE cohEN,80,Female,B+,Arthritis,2022-05-04,Tracy Wilson,Group Anderson,Medicare,26052.02,379,Elective,2022-05-05,Aspirin,Abnormal,Senior (65+),1,2022,5,May,Orthopedics
707,KrIStY ONeILl,43,Male,A-,Arthritis,2021-12-01,Michelle Cox,"Garcia, and Marshall Maxwell",Blue Cross,11095.4,288,Emergency,2021-12-29,Paracetamol,Inconclusive,Adult (36-50),28,2021,12,December,Orthopedics
708,sHErrI gArCia,47,Female,B+,Hypertension,2021-09-21,Marie Reed,Inc Martinez,Aetna,10725.83,355,Elective,2021-10-10,Ibuprofen,Abnormal,Adult (36-50),19,2021,9,September,Cardiology
709,MIChaEL wEber,49,Female,B-,Hypertension,2020-03-20,Philip Vaughn,"Mcmahon Ortiz, Owens and",UnitedHealthcare,30038.28,424,Elective,2020-04-09,Ibuprofen,Abnormal,Adult (36-50),20,2020,3,March,Cardiology
710,BETh sChwaRTZ,58,Male,AB-,Asthma,2024-03-29,Kyle Montes,Williams-Saunders,UnitedHealthcare,49446.46,108,Emergency,2024-04-16,Lipitor,Abnormal,Middle Age (51-65),18,2024,3,March,Pulmonology
711,cYnTHIA cLARKE,40,Female,AB-,Obesity,2024-03-12,Mr. Ronald Hoover,Spencer Ltd,Cigna,5315.71,258,Emergency,2024-03-25,Penicillin,Abnormal,Adult (36-50),13,2024,3,March,Endocrinology
712,MArK GiLES,44,Male,A-,Cancer,2022-03-21,Daniel Hurley,Mathis-Schwartz,Blue Cross,13928.28,113,Emergency,2022-04-06,Penicillin,Inconclusive,Adult (36-50),16,2022,3,March,Oncology
713,TAmara beltRaN,38,Male,A+,Diabetes,2020-07-23,Nicole Young,Romero-Ramsey,Aetna,2744.41,162,Emergency,2020-08-09,Ibuprofen,Abnormal,Adult (36-50),17,2020,7,July,Endocrinology
714,JOsEpH guTierReZ,82,Male,A+,Obesity,2024-03-10,Christopher Mills,Avery and Sons,Cigna,27512.91,442,Emergency,2024-04-07,Aspirin,Normal,Senior (65+),28,2024,3,March,Endocrinology
715,JAmiE jimeNEZ,71,Male,A-,Arthritis,2020-03-15,Richard Webster,Ltd Richardson,Blue Cross,35854.09,172,Urgent,2020-03-29,Lipitor,Abnormal,Senior (65+),14,2020,3,March,Orthopedics
716,chARles MUrPHY,42,Male,A+,Diabetes,2021-05-10,David Soto,and Sons Williams,Cigna,2784.02,241,Urgent,2021-05-16,Penicillin,Abnormal,Adult (36-50),6,2021,5,May,Endocrinology
717,CArLOS lOPEz,38,Female,O+,Diabetes,2020-12-29,Michael Paul,Carter-Reyes,UnitedHealthcare,2547.91,322,Elective,2021-01-07,Penicillin,Inconclusive,Adult (36-50),9,2020,12,December,Endocrinology
718,joHnnY IrWIN,84,Male,B-,Arthritis,2020-03-23,Robert Gregory,LLC Gray,Aetna,29992.54,456,Urgent,2020-03-29,Aspirin,Normal,Senior (65+),6,2020,3,March,Orthopedics
719,SCOTT wERNeR,64,Female,O-,Hypertension,2023-07-13,Ashley Lane,"Gonzalez Anderson Jacobson, and",Aetna,4018.02,415,Emergency,2023-07-25,Ibuprofen,Abnormal,Middle Age (51-65),12,2023,7,July,Cardiology
720,TeRRi stEWart,57,Female,AB-,Asthma,2023-07-20,Jennifer Brown,"Miller Massey Lopez, and",Aetna,20508.59,261,Urgent,2023-08-02,Ibuprofen,Inconclusive,Middle Age (51-65),13,2023,7,July,Pulmonology
721,dAVId DaviS,54,Male,B+,Diabetes,2020-02-14,Kristen Aguirre,"Taylor Walsh Hawkins, and",Blue Cross,25648.04,424,Urgent,2020-03-01,Paracetamol,Normal,Middle Age (51-65),16,2020,2,February,Endocrinology
722,StEpheN HaRRIS,44,Male,B-,Arthritis,2023-05-28,Kathryn Trevino,LLC Brown,Blue Cross,19691.42,264,Elective,2023-06-22,Aspirin,Inconclusive,Adult (36-50),25,2023,5,May,Orthopedics
723,briDgeT Adams,78,Female,B-,Cancer,2022-06-12,Amanda Ramos,Nelson-Wong,Cigna,10311.94,211,Urgent,2022-06-27,Penicillin,Inconclusive,Senior (65+),15,2022,6,June,Oncology
724,MIchAEL MortON,63,Female,A+,Cancer,2023-12-12,Mr. William Decker,LLC Berry,Medicare,17733.95,114,Elective,2023-12-13,Lipitor,Normal,Middle Age (51-65),1,2023,12,December,Oncology
725,MIchElLE LIU,66,Female,B-,Hypertension,2023-11-06,Michael Grant,Anderson-Jenkins,Cigna,10521.47,288,Emergency,2023-11-12,Lipitor,Inconclusive,Senior (65+),6,2023,11,November,Cardiology
726,ReGina bRIght,75,Male,AB-,Arthritis,2023-05-16,Megan Jones,Wells and Sons,Blue Cross,29910.91,400,Elective,2023-05-30,Penicillin,Abnormal,Senior (65+),14,2023,5,May,Orthopedics
727,SaMuel decKEr,36,Male,O-,Diabetes,2022-10-12,Mr. Andrew Hall Jr.,"Allen, Williams and Phillips",Cigna,26612.01,377,Elective,2022-10-14,Aspirin,Normal,Adult (36-50),2,2022,10,October,Endocrinology
728,pAuL wRiGHt,18,Female,AB+,Diabetes,2023-12-30,Joseph Hernandez,Gonzalez-Cummings,Aetna,25858.44,324,Elective,2024-01-14,Penicillin,Normal,Teen (13-19),15,2023,12,December,Endocrinology
729,brIAN OlSOn,49,Male,B+,Hypertension,2024-02-26,Bryan Brock,"and Richardson Webster Smith,",Aetna,22069.6,142,Elective,2024-03-09,Paracetamol,Normal,Adult (36-50),12,2024,2,February,Cardiology
730,TRaCEy harRiSOn,22,Female,B+,Asthma,2021-11-07,Austin Henderson,Hudson-Flores,Cigna,43117.66,458,Emergency,2021-11-26,Penicillin,Abnormal,Young Adult (20-35),19,2021,11,November,Pulmonology
731,ERiKa joHNsoN,72,Female,B+,Hypertension,2020-02-03,Jessica Bruce MD,Inc Rios,Cigna,3718.55,304,Urgent,2020-02-04,Aspirin,Normal,Senior (65+),1,2020,2,February,Cardiology
732,PEteR CuNnInghAm,46,Female,B+,Arthritis,2019-07-05,Kenneth Green,PLC Thompson,Blue Cross,18788.14,267,Emergency,2019-07-20,Lipitor,Inconclusive,Adult (36-50),15,2019,7,July,Orthopedics
733,sIErrA whITe,50,Male,O-,Asthma,2021-11-13,Shelley Garcia,"Rosario Wells, Roberts and",Cigna,39089.87,466,Urgent,2021-11-23,Penicillin,Abnormal,Adult (36-50),10,2021,11,November,Pulmonology
734,eDdIe rUSsO dVm,61,Male,B+,Diabetes,2019-08-15,Justin Douglas,Ramirez-Taylor,Blue Cross,47594.47,145,Elective,2019-09-09,Paracetamol,Abnormal,Middle Age (51-65),25,2019,8,August,Endocrinology
735,yvEtte tuRnER,40,Male,O+,Asthma,2023-07-19,William Faulkner,Murphy-Mason,Aetna,19261.51,203,Emergency,2023-08-14,Paracetamol,Normal,Adult (36-50),26,2023,7,July,Pulmonology
736,jameS cHArLes,34,Male,A-,Diabetes,2023-04-06,Stephanie Davis,"Edwards Johnson, and Burgess",Medicare,6578.03,162,Emergency,2023-05-06,Ibuprofen,Inconclusive,Young Adult (20-35),30,2023,4,April,Endocrinology
737,ALexis ALlEn,71,Female,AB+,Arthritis,2019-10-08,Ronald Parker,LLC Spears,Blue Cross,38435.45,340,Elective,2019-10-28,Penicillin,Abnormal,Senior (65+),20,2019,10,October,Orthopedics
738,stephAnIe martIN,61,Male,A+,Obesity,2020-08-10,Kevin Tucker,Perez-Smith,Aetna,29810.05,346,Emergency,2020-09-06,Penicillin,Normal,Middle Age (51-65),27,2020,8,August,Endocrinology
739,SHelBy AndeRson,24,Male,A+,Asthma,2019-09-26,Katrina Allen,and Sons Mcbride,Blue Cross,4808.82,415,Emergency,2019-10-14,Ibuprofen,Normal,Young Adult (20-35),18,2019,9,September,Pulmonology
740,aBIGail FarmEr,28,Male,O+,Cancer,2021-02-11,Alicia Lopez,Sons and Chapman,Cigna,38365.87,183,Urgent,2021-02-19,Lipitor,Abnormal,Young Adult (20-35),8,2021,2,February,Oncology
741,chrIStINa MiLLER,21,Female,O+,Arthritis,2019-09-05,Stephen Lopez,Cole-Davila,Blue Cross,45540.1,394,Elective,2019-09-29,Lipitor,Inconclusive,Young Adult (20-35),24,2019,9,September,Orthopedics
742,MAtTHew wYAtt,40,Female,B+,Asthma,2021-03-01,Alexandra Sims,"Pearson, and Lynch Oconnor",Cigna,31444.09,124,Urgent,2021-03-20,Penicillin,Abnormal,Adult (36-50),19,2021,3,March,Pulmonology
743,dAvID MOnTOYa,57,Male,A-,Cancer,2024-04-19,Andrea Lee,Rivera-Peck,Medicare,37194.26,278,Urgent,2024-05-14,Ibuprofen,Abnormal,Middle Age (51-65),25,2024,4,April,Oncology
744,eRic ParK,47,Female,AB+,Cancer,2023-04-27,Olivia Anderson,Hess-White,Blue Cross,12422.76,355,Elective,2023-05-03,Lipitor,Normal,Adult (36-50),6,2023,4,April,Oncology
745,lOrI trEVinO,59,Male,O+,Cancer,2022-07-06,Michelle Barnett,"Fox and Moreno Williams,",Aetna,8024.41,451,Elective,2022-07-26,Aspirin,Inconclusive,Middle Age (51-65),20,2022,7,July,Oncology
746,dWaYNe CASTIllO,33,Female,O-,Arthritis,2020-10-31,Johnathan Mcmahon,Johnson-Estrada,Blue Cross,13034.08,300,Urgent,2020-11-18,Penicillin,Normal,Young Adult (20-35),18,2020,10,October,Orthopedics
747,kRIStInE mcCALl,58,Female,B-,Cancer,2023-09-08,Deborah Lawson,Rivera-Mosley,Cigna,37903.29,421,Elective,2023-09-22,Lipitor,Normal,Middle Age (51-65),14,2023,9,September,Oncology
748,jOsepH SelLeRs,39,Female,O-,Cancer,2022-11-20,Diana Boyd,"Diaz Smith Johnson, and",Blue Cross,45913.17,398,Emergency,2022-12-19,Paracetamol,Abnormal,Adult (36-50),29,2022,11,November,Oncology
749,dR. DONalD AndersON,30,Male,O-,Arthritis,2020-07-04,Crystal Ritter,Harris-Ingram,UnitedHealthcare,30468.26,378,Emergency,2020-08-02,Lipitor,Normal,Young Adult (20-35),29,2020,7,July,Orthopedics
750,VicToRiA WiLLiAMS,27,Male,B+,Asthma,2023-06-24,Carla Mcneil,and Esparza Sons,Blue Cross,50202.21,198,Urgent,2023-07-13,Aspirin,Abnormal,Young Adult (20-35),19,2023,6,June,Pulmonology
751,anna jONEs,39,Female,O-,Hypertension,2020-10-06,Peggy Nunez,Hunt Sons and,Cigna,2104.38,260,Elective,2020-10-14,Penicillin,Normal,Adult (36-50),8,2020,10,October,Cardiology
752,mR. RobeRT DaVIS,76,Female,B+,Cancer,2023-03-16,Kenneth White,LLC Hernandez,Aetna,43206.22,441,Emergency,2023-04-02,Aspirin,Inconclusive,Senior (65+),17,2023,3,March,Oncology
753,jeFfrEY HALl,62,Male,O-,Arthritis,2019-09-16,Leonard Alvarez,Perez-Smith,Blue Cross,10622.28,199,Urgent,2019-09-21,Lipitor,Abnormal,Middle Age (51-65),5,2019,9,September,Orthopedics
754,tERrY GRAvEs,71,Male,O-,Asthma,2021-04-10,Henry Rogers,"Foster Lamb, Graham and",Medicare,10659.61,170,Elective,2021-04-18,Ibuprofen,Abnormal,Senior (65+),8,2021,4,April,Pulmonology
755,JErome MorAles,67,Male,B-,Diabetes,2019-07-21,George Smith,Sanchez LLC,Cigna,10919.11,288,Elective,2019-08-17,Penicillin,Normal,Senior (65+),27,2019,7,July,Endocrinology
756,kEith ROdRiGuez,34,Female,A+,Cancer,2021-12-14,Anthony Anderson,Fox-Anthony,Medicare,8407.49,425,Urgent,2021-12-21,Ibuprofen,Abnormal,Young Adult (20-35),7,2021,12,December,Oncology
757,tAmARA davENpOrT,31,Male,O-,Cancer,2023-09-19,Meghan Bailey,"Fuentes Knight, Sandoval and",Aetna,32926.23,459,Emergency,2023-10-16,Lipitor,Inconclusive,Young Adult (20-35),27,2023,9,September,Oncology
758,JOnatHAN SiMON,25,Male,A-,Cancer,2024-01-27,Jason Phillips,Hudson-Williams,Aetna,48004.97,416,Emergency,2024-02-26,Paracetamol,Normal,Young Adult (20-35),30,2024,1,January,Oncology
759,HolLY ARMsTrOnG,33,Female,O-,Arthritis,2020-04-03,Bailey Ibarra,"Lowery, Dunn Anderson and",Cigna,28452.78,180,Elective,2020-05-03,Aspirin,Inconclusive,Young Adult (20-35),30,2020,4,April,Orthopedics
760,rONaLd bAnKs,61,Female,AB+,Hypertension,2020-04-16,Kelsey Simpson,Mullen-Hernandez,Medicare,20651.61,470,Urgent,2020-04-22,Aspirin,Abnormal,Middle Age (51-65),6,2020,4,April,Cardiology
761,rYAn BRadforD DDS,42,Female,O+,Hypertension,2019-08-23,Sarah Guerra,"Herman, Liu and Hill",Cigna,31822.73,370,Emergency,2019-09-05,Lipitor,Abnormal,Adult (36-50),13,2019,8,August,Cardiology
762,jaNICE hAlL,44,Male,AB-,Diabetes,2021-07-01,Tony Matthews,"Davis White, Flores and",UnitedHealthcare,21856.74,482,Elective,2021-07-23,Paracetamol,Inconclusive,Adult (36-50),22,2021,7,July,Endocrinology
763,JaCOB mcDOnaLD,18,Female,B+,Obesity,2022-08-21,David Gonzalez,Williams-Jones,Medicare,45326.91,260,Emergency,2022-09-04,Ibuprofen,Abnormal,Teen (13-19),14,2022,8,August,Endocrinology
764,GlENN maSSeY,51,Male,A-,Cancer,2020-08-06,Michael Villanueva,Inc Holloway,UnitedHealthcare,25152.29,103,Emergency,2020-08-26,Lipitor,Abnormal,Middle Age (51-65),20,2020,8,August,Oncology
765,SAndrA mURray,26,Female,AB+,Diabetes,2022-01-16,Alan Cain,"Phillips Jones and Wu,",Cigna,37544.8,430,Elective,2022-02-10,Lipitor,Inconclusive,Young Adult (20-35),25,2022,1,January,Endocrinology
766,maRK wiLLIaMs,44,Male,O-,Diabetes,2021-08-02,Melissa Turner,"Wilson and Lopez, Molina",UnitedHealthcare,35487.51,190,Urgent,2021-08-04,Penicillin,Abnormal,Adult (36-50),2,2021,8,August,Endocrinology
767,stEPHAnie rEid dvm,56,Female,AB+,Obesity,2020-03-17,Alexander Robles,Jones-Garrett,Blue Cross,2076.33,265,Emergency,2020-04-13,Aspirin,Inconclusive,Middle Age (51-65),27,2020,3,March,Endocrinology
768,sEth BArTleTt ii,24,Male,AB+,Obesity,2020-07-23,Joseph Carr,"and Brown, James Green",Medicare,35312.3,314,Emergency,2020-08-03,Penicillin,Normal,Young Adult (20-35),11,2020,7,July,Endocrinology
769,jerEmY rIcH,39,Male,O-,Hypertension,2022-07-22,David Poole,"Meadows and Nelson, Owen",Cigna,13869.79,314,Urgent,2022-07-24,Aspirin,Abnormal,Adult (36-50),2,2022,7,July,Cardiology
770,eLIZAbeTh MiLLEr,53,Male,O-,Hypertension,2020-08-08,Cynthia Thomas,Sons and Gallegos,Aetna,36107.4,363,Emergency,2020-08-21,Ibuprofen,Normal,Middle Age (51-65),13,2020,8,August,Cardiology
771,ErIn MaRtiN,21,Male,O-,Asthma,2023-09-29,Rebecca Reed,Davis Group,Blue Cross,41208.17,359,Emergency,2023-10-06,Paracetamol,Normal,Young Adult (20-35),7,2023,9,September,Pulmonology
772,FRaNK HESS,82,Female,B-,Cancer,2022-01-05,Steven Boyle,Herrera Group,Aetna,14292.07,420,Urgent,2022-01-08,Ibuprofen,Abnormal,Senior (65+),3,2022,1,January,Oncology
773,pAul Rogers,61,Female,AB-,Cancer,2020-06-22,Bryan Wu,Juarez-Weiss,Aetna,17722.96,221,Emergency,2020-07-20,Ibuprofen,Abnormal,Middle Age (51-65),28,2020,6,June,Oncology
774,JEnNiFEr edWArDS,59,Female,AB-,Obesity,2019-10-26,James Quinn,Dawson-Jones,Aetna,21125.32,264,Elective,2019-10-29,Lipitor,Normal,Middle Age (51-65),3,2019,10,October,Endocrinology
775,BRian halL,51,Female,O+,Arthritis,2024-02-21,Ryan Rich,Hickman Group,UnitedHealthcare,5164.55,470,Urgent,2024-03-19,Paracetamol,Abnormal,Middle Age (51-65),27,2024,2,February,Orthopedics
776,kIMbERly WILLIamS,43,Male,AB+,Hypertension,2023-01-07,James Robinson,Herman-Ewing,UnitedHealthcare,2162.61,256,Emergency,2023-01-08,Ibuprofen,Abnormal,Adult (36-50),1,2023,1,January,Cardiology
777,IsAaC MENdeZ,79,Male,B+,Cancer,2023-09-21,Edwin Sparks,Gutierrez Inc,Blue Cross,2675.23,389,Emergency,2023-10-01,Penicillin,Normal,Senior (65+),10,2023,9,September,Oncology
778,SarAh SmitH,79,Female,B-,Arthritis,2022-12-07,Tyler Parsons,Hurley-Gill,Aetna,44918.32,217,Emergency,2022-12-21,Lipitor,Abnormal,Senior (65+),14,2022,12,December,Orthopedics
779,dAniEl Wolf,49,Male,O+,Obesity,2022-12-13,Kirk Rich II,Dillon PLC,Medicare,6327.8,371,Emergency,2022-12-28,Aspirin,Abnormal,Adult (36-50),15,2022,12,December,Endocrinology
780,RobeRT RoSS,68,Female,O-,Hypertension,2022-11-16,Andrew Neal,"Murphy, and Garcia Jones",Blue Cross,29526.32,384,Elective,2022-11-21,Aspirin,Inconclusive,Senior (65+),5,2022,11,November,Cardiology
781,DOuglAS fosTEr,69,Female,O+,Asthma,2019-06-19,Susan Silva,Ramsey-Thomas,Medicare,38989.53,165,Elective,2019-07-17,Penicillin,Inconclusive,Senior (65+),28,2019,6,June,Pulmonology
782,LOuIS LoWERY,49,Female,B+,Obesity,2023-01-29,Lynn York,Miller and Sons,Blue Cross,33395.1,490,Emergency,2023-02-18,Ibuprofen,Normal,Adult (36-50),20,2023,1,January,Endocrinology
783,JESsICA Tyler,27,Female,O-,Cancer,2023-11-30,Ellen Bush,"Chung Herrera, and Pollard",Cigna,20258.78,491,Elective,2023-12-12,Paracetamol,Abnormal,Young Adult (20-35),12,2023,11,November,Oncology
784,wiLLiAm davIES,73,Male,A+,Obesity,2021-03-26,Anthony Smith,"and Hernandez Waters, Cruz",Medicare,43050.83,340,Urgent,2021-04-20,Penicillin,Abnormal,Senior (65+),25,2021,3,March,Endocrinology
785,JeSSICA rEyeS,42,Female,AB+,Diabetes,2021-08-21,Mary Schwartz,Schmidt Sons and,Cigna,37284.05,283,Elective,2021-09-03,Paracetamol,Abnormal,Adult (36-50),13,2021,8,August,Endocrinology
786,dAnIEl JoneS,59,Female,O-,Cancer,2024-01-03,Victoria Osborne,"and Carroll Orr Kelly,",Blue Cross,42434.78,494,Urgent,2024-01-25,Lipitor,Abnormal,Middle Age (51-65),22,2024,1,January,Oncology
787,PAUla moRaLes,20,Female,A+,Hypertension,2024-03-23,Regina Glass,"Smith and Rose Rivera,",UnitedHealthcare,38570.13,487,Emergency,2024-04-21,Penicillin,Abnormal,Young Adult (20-35),29,2024,3,March,Cardiology
788,DAvId spEArS,61,Female,A+,Cancer,2022-12-03,Craig Ray,Odonnell-Watts,Medicare,22108.97,334,Emergency,2022-12-10,Paracetamol,Inconclusive,Middle Age (51-65),7,2022,12,December,Oncology
789,ScoTT bErRY,50,Male,B+,Asthma,2021-09-25,Carlos Steele,Inc Roberts,UnitedHealthcare,40783.15,366,Urgent,2021-10-23,Penicillin,Inconclusive,Adult (36-50),28,2021,9,September,Pulmonology
790,dAltON NGuYEN,29,Female,B-,Asthma,2020-08-23,Michael Pugh,LLC Chaney,Cigna,28296.18,490,Emergency,2020-08-26,Ibuprofen,Normal,Young Adult (20-35),3,2020,8,August,Pulmonology
791,SCoTT clARK,44,Male,B+,Asthma,2020-09-18,Mark Mccarthy,"Hutchinson, Wilson Daniel and",Cigna,46950.58,384,Elective,2020-10-16,Penicillin,Inconclusive,Adult (36-50),28,2020,9,September,Pulmonology
792,JaMIE bAKEr,37,Female,AB+,Diabetes,2022-08-01,Shane Green,Davis-Martin,UnitedHealthcare,41548.15,157,Elective,2022-08-30,Lipitor,Inconclusive,Adult (36-50),29,2022,8,August,Endocrinology
793,couRTnEy pAtrick,79,Female,AB-,Hypertension,2020-01-11,Hayley Payne,"and Thompson Cook Wiggins,",Cigna,43277.56,214,Urgent,2020-01-25,Penicillin,Inconclusive,Senior (65+),14,2020,1,January,Cardiology
794,wILLiAm waRE,18,Male,AB+,Hypertension,2020-10-16,Christopher Sharp,Baldwin PLC,Cigna,41248.13,125,Elective,2020-10-17,Lipitor,Abnormal,Teen (13-19),1,2020,10,October,Cardiology
795,AmBer andeRSoN,25,Female,A+,Cancer,2024-04-29,Joseph Chandler,Heath-Brown,UnitedHealthcare,6162.35,332,Emergency,2024-05-19,Aspirin,Inconclusive,Young Adult (20-35),20,2024,4,April,Oncology
796,caSey joHNson,64,Female,O+,Cancer,2022-07-05,Brandi Elliott,"Mendez, and Smith Munoz",Blue Cross,45208.34,243,Urgent,2022-07-06,Lipitor,Abnormal,Middle Age (51-65),1,2022,7,July,Oncology
797,ZAcHaRY ColLins,23,Male,B+,Diabetes,2019-08-27,Brian Fox,Inc Daugherty,Aetna,36324.52,377,Emergency,2019-09-15,Paracetamol,Normal,Young Adult (20-35),19,2019,8,August,Endocrinology
798,ZACHArY rEed,57,Male,A-,Hypertension,2024-03-10,Paul Coleman,Gonzalez LLC,Medicare,46084.67,224,Urgent,2024-03-22,Penicillin,Abnormal,Middle Age (51-65),12,2024,3,March,Cardiology
799,CHArleS sTrong,49,Female,O-,Diabetes,2024-04-25,Corey Perez,"and Woods, Rodriguez Williams",Aetna,6657.35,415,Elective,2024-05-14,Penicillin,Abnormal,Adult (36-50),19,2024,4,April,Endocrinology
800,kathErINE KeLLY,65,Female,B-,Asthma,2023-09-25,Blake Phillips,Lowery-Howard,UnitedHealthcare,39357.46,409,Urgent,2023-10-13,Lipitor,Normal,Middle Age (51-65),18,2023,9,September,Pulmonology
801,chrIstOPhEr heNdERSon,59,Female,AB-,Arthritis,2022-09-12,Nicole Phelps,Colon-Leon,Cigna,23154.64,418,Emergency,2022-09-21,Aspirin,Normal,Middle Age (51-65),9,2022,9,September,Orthopedics
802,jOsEPh bROWn,82,Male,O+,Diabetes,2019-06-30,Lorraine Powers,Boyle-Woods,UnitedHealthcare,6653.59,449,Emergency,2019-07-22,Penicillin,Normal,Senior (65+),22,2019,6,June,Endocrinology
803,josEpH SAncHEz,31,Male,B-,Diabetes,2023-02-12,Michael Colon,"and Graham Morris, Gonzales",Cigna,15327.74,397,Urgent,2023-02-27,Penicillin,Inconclusive,Young Adult (20-35),15,2023,2,February,Endocrinology
804,KYle pEREz,63,Female,AB-,Obesity,2020-01-23,Taylor Sullivan,Tucker-Moyer,Cigna,31457.8,316,Elective,2020-02-01,Aspirin,Normal,Middle Age (51-65),9,2020,1,January,Endocrinology
805,EdUaRdO hOuSTOn,78,Male,AB+,Asthma,2022-11-25,Natalie Howell,Sons and Stephenson,Aetna,21875.08,137,Elective,2022-12-11,Penicillin,Inconclusive,Senior (65+),16,2022,11,November,Pulmonology
806,lORi roACh,25,Female,A+,Diabetes,2021-02-10,Lonnie Duncan,Hernandez PLC,Aetna,49635.31,138,Elective,2021-02-17,Lipitor,Normal,Young Adult (20-35),7,2021,2,February,Endocrinology
807,ErIc bUtleR,66,Male,AB-,Cancer,2023-01-30,Bruce Rivera,Dougherty Group,Medicare,41413.81,323,Emergency,2023-02-27,Ibuprofen,Inconclusive,Senior (65+),28,2023,1,January,Oncology
808,jEfFREY bROWn,58,Male,O+,Arthritis,2019-08-24,Jordan Shannon,"Morgan Zimmerman, Matthews and",Aetna,16352.59,478,Urgent,2019-09-17,Aspirin,Normal,Middle Age (51-65),24,2019,8,August,Orthopedics
809,ThOmAs hAAS,28,Female,A+,Arthritis,2024-02-05,Cindy Jones,Jimenez-Huff,UnitedHealthcare,1805.52,205,Urgent,2024-02-06,Penicillin,Normal,Young Adult (20-35),1,2024,2,February,Orthopedics
810,kelLY tURner,18,Female,O+,Arthritis,2021-08-30,Reginald Mckinney,Stevenson-Chen,Blue Cross,38363.26,286,Emergency,2021-09-25,Penicillin,Inconclusive,Teen (13-19),26,2021,8,August,Orthopedics
811,lANce SiMPsOn,46,Female,B+,Asthma,2022-01-07,Tiffany Hunt,Parker-White,Cigna,32746.56,416,Urgent,2022-01-25,Ibuprofen,Normal,Adult (36-50),18,2022,1,January,Pulmonology
812,jeffrey GReeN,44,Male,AB+,Arthritis,2023-09-08,Frank Pierce,"Vang Schneider and Torres,",Cigna,36649.32,114,Elective,2023-10-06,Aspirin,Inconclusive,Adult (36-50),28,2023,9,September,Orthopedics
813,ErIc cOLlInS,52,Female,B+,Cancer,2021-10-07,Olivia White,Booth-Williams,UnitedHealthcare,3288.13,215,Elective,2021-10-10,Paracetamol,Abnormal,Middle Age (51-65),3,2021,10,October,Oncology
814,brIanNa wiLlIaMs,24,Female,B+,Cancer,2020-02-29,Laura Hill,Gray-Black,UnitedHealthcare,32993.49,151,Urgent,2020-03-17,Lipitor,Normal,Young Adult (20-35),17,2020,2,February,Oncology
815,RoBerT gRavEs,53,Male,A+,Obesity,2019-08-06,Angela Rogers,Johnson-Garcia,UnitedHealthcare,3338.22,362,Emergency,2019-09-03,Lipitor,Normal,Middle Age (51-65),28,2019,8,August,Endocrinology
816,CINDy wiLLIamS,46,Female,A-,Obesity,2019-08-06,James Smith,"Salinas Terrell Villanueva, and",Blue Cross,21401.52,292,Urgent,2019-08-09,Penicillin,Abnormal,Adult (36-50),3,2019,8,August,Endocrinology
817,VIcToR sULLivan,72,Female,O+,Asthma,2021-12-06,Brian Cooper,Phelps Group,Blue Cross,35828.32,248,Emergency,2021-12-12,Aspirin,Inconclusive,Senior (65+),6,2021,12,December,Pulmonology
818,Frank SCotT,54,Female,A-,Asthma,2020-05-19,Jonathan Jimenez,"Harrison and Erickson, Barnett",UnitedHealthcare,14171.99,297,Elective,2020-06-11,Paracetamol,Inconclusive,Middle Age (51-65),23,2020,5,May,Pulmonology
819,Mark BRaDShaw,73,Male,AB+,Hypertension,2019-12-27,Ashley Bishop,Fischer Ltd,Medicare,30283.17,311,Emergency,2019-12-29,Lipitor,Abnormal,Senior (65+),2,2019,12,December,Cardiology
820,JeSSicA duNn,69,Female,AB-,Cancer,2022-06-04,Charles Harris,Rhodes-Kelly,Cigna,31419.12,201,Urgent,2022-06-13,Penicillin,Normal,Senior (65+),9,2022,6,June,Oncology
821,KELsEy foX,32,Male,O+,Diabetes,2023-01-18,Brandon Richardson,"Tate Pierce and Jackson,",Aetna,23734.85,394,Emergency,2023-02-03,Penicillin,Normal,Young Adult (20-35),16,2023,1,January,Endocrinology
822,MarY RICE,29,Male,B+,Diabetes,2023-07-25,Shane Wong,Inc Daniel,Aetna,45417.64,167,Elective,2023-07-28,Lipitor,Inconclusive,Young Adult (20-35),3,2023,7,July,Endocrinology
823,RACHeL jaCKSON,82,Female,A+,Arthritis,2020-07-17,Michael Oliver,"and Roberson Lee Young,",Blue Cross,12822.78,356,Urgent,2020-08-09,Lipitor,Inconclusive,Senior (65+),23,2020,7,July,Orthopedics
824,leah FRederICk,19,Male,O-,Obesity,2023-02-03,John Cooper,Giles-Miller,Aetna,25856.22,441,Emergency,2023-02-23,Lipitor,Abnormal,Teen (13-19),20,2023,2,February,Endocrinology
825,COnnOr ODoNNell,63,Male,A-,Arthritis,2021-11-27,Daniel Freeman,"Martinez, and Snyder Hill",UnitedHealthcare,10443.68,125,Elective,2021-12-08,Penicillin,Normal,Middle Age (51-65),11,2021,11,November,Orthopedics
826,clAUdIa DoWNS,38,Male,A-,Hypertension,2020-08-18,Adriana Gould,Barber-Page,Blue Cross,40606.46,496,Emergency,2020-08-24,Paracetamol,Inconclusive,Adult (36-50),6,2020,8,August,Cardiology
827,wIlliaM LaNG,74,Male,B+,Diabetes,2019-07-06,Amanda Hall,"and Hess Delgado Foster,",Medicare,32535.45,359,Emergency,2019-08-02,Lipitor,Normal,Senior (65+),27,2019,7,July,Endocrinology
828,LIsA MORAn,38,Male,B-,Asthma,2024-02-17,Michael Mcbride,Johnson-Holland,UnitedHealthcare,34557.29,174,Emergency,2024-02-19,Lipitor,Normal,Adult (36-50),2,2024,2,February,Pulmonology
829,rUBeN BUrTOn,53,Male,AB-,Arthritis,2021-09-06,Deborah Wise,"and Gonzales Dunn, Camacho",Aetna,35116.71,142,Emergency,2021-10-05,Paracetamol,Normal,Middle Age (51-65),29,2021,9,September,Orthopedics
830,bRANdon sMith,36,Male,AB+,Diabetes,2021-12-17,Ronald Edwards,"Rodriguez Diaz Daugherty, and",Blue Cross,28270.3,119,Elective,2022-01-07,Ibuprofen,Inconclusive,Adult (36-50),21,2021,12,December,Endocrinology
831,jeSSiCa MURPHY,67,Female,A+,Arthritis,2022-09-20,Raymond Bowen,Rowland-Abbott,Blue Cross,47734.99,143,Emergency,2022-10-07,Aspirin,Abnormal,Senior (65+),17,2022,9,September,Orthopedics
832,miSty wiLLIamS,63,Male,AB-,Asthma,2021-12-13,Jill Bailey,"Murphy, Reid Knox and",Cigna,19176.26,452,Elective,2021-12-20,Penicillin,Inconclusive,Middle Age (51-65),7,2021,12,December,Pulmonology
833,brAndY GEORGE,39,Male,A+,Arthritis,2021-10-12,Jennifer Pope,Ryan-Mcneil,Blue Cross,8731.48,219,Emergency,2021-10-27,Ibuprofen,Normal,Adult (36-50),15,2021,10,October,Orthopedics
834,ANDrea Buck,55,Male,O-,Asthma,2023-08-08,Taylor Craig,"Ramos Miller and Moore,",Medicare,19249.69,107,Emergency,2023-08-21,Aspirin,Abnormal,Middle Age (51-65),13,2023,8,August,Pulmonology
835,STephanIE bUrKE,80,Male,AB-,Obesity,2019-11-15,Kristy Waters,Sons Cherry and,Aetna,22758.64,170,Elective,2019-12-13,Aspirin,Inconclusive,Senior (65+),28,2019,11,November,Endocrinology
836,STEPHaNiE moON,18,Female,B-,Asthma,2021-12-17,Elizabeth Blevins,Cook LLC,Blue Cross,20929.07,135,Emergency,2021-12-26,Aspirin,Normal,Teen (13-19),9,2021,12,December,Pulmonology
837,sHaRON joHnsON,41,Male,O+,Cancer,2022-11-08,Janice Jones,Phillips Ltd,Cigna,3899.86,234,Emergency,2022-11-11,Penicillin,Abnormal,Adult (36-50),3,2022,11,November,Oncology
838,MaTtHeW haLEY,81,Male,A+,Arthritis,2020-02-24,Joann Anderson,"Oliver Griffin Johnson, and",Blue Cross,19698.0,279,Elective,2020-03-16,Paracetamol,Abnormal,Senior (65+),21,2020,2,February,Orthopedics
839,SaBRInA May,66,Female,O+,Asthma,2022-05-28,Christine Mejia,Gregory Group,Aetna,34060.27,111,Elective,2022-06-22,Lipitor,Inconclusive,Senior (65+),25,2022,5,May,Pulmonology
840,melindA aUstiN,44,Male,A+,Hypertension,2022-09-03,Pamela Reed,"and Camacho Thomas Malone,",UnitedHealthcare,40367.63,317,Elective,2022-09-30,Aspirin,Inconclusive,Adult (36-50),27,2022,9,September,Cardiology
841,angElA MonTgOmery,81,Female,AB-,Arthritis,2020-04-07,William Holmes,LLC Smith,Cigna,3638.25,125,Emergency,2020-04-30,Aspirin,Abnormal,Senior (65+),23,2020,4,April,Orthopedics
842,VAnessA MaRTiN,77,Male,O+,Arthritis,2019-08-25,Heather Bowman,"Cunningham Andrade and Butler,",Cigna,46134.93,107,Elective,2019-09-04,Aspirin,Inconclusive,Senior (65+),10,2019,8,August,Orthopedics
843,gABriel steVEnS,62,Male,B-,Obesity,2021-05-28,Brittany Burns,Curtis-Lin,Medicare,14549.49,286,Urgent,2021-06-09,Penicillin,Abnormal,Middle Age (51-65),12,2021,5,May,Endocrinology
844,MichAEL wOLfE,78,Male,O+,Cancer,2024-02-25,Amber Carpenter,Ltd Smith,Aetna,30549.65,314,Emergency,2024-03-08,Paracetamol,Inconclusive,Senior (65+),12,2024,2,February,Oncology
845,bROokE TorreS,70,Male,O+,Diabetes,2019-09-08,Kimberly Castaneda,Inc Sanchez,Medicare,13666.18,331,Elective,2019-09-09,Lipitor,Normal,Senior (65+),1,2019,9,September,Endocrinology
846,vicTOr DUKE,33,Male,B-,Asthma,2023-05-25,Jessica Vasquez,"Rice, Cooper Rivera and",Aetna,45199.27,388,Elective,2023-05-29,Lipitor,Abnormal,Young Adult (20-35),4,2023,5,May,Pulmonology
847,josepH gaRrETt,56,Female,AB-,Arthritis,2023-07-11,Joseph Robinson,Garcia LLC,Medicare,20514.4,214,Elective,2023-08-01,Ibuprofen,Abnormal,Middle Age (51-65),21,2023,7,July,Orthopedics
848,kARa lI,38,Male,A+,Cancer,2024-03-20,Travis Morales,Bell Ltd,Blue Cross,47700.54,303,Emergency,2024-04-05,Penicillin,Normal,Adult (36-50),16,2024,3,March,Oncology
849,jUan kEllEy,33,Male,AB+,Hypertension,2021-11-05,Carrie Montes,"Hogan, Young Holmes and",Medicare,2462.21,329,Urgent,2021-11-06,Paracetamol,Inconclusive,Young Adult (20-35),1,2021,11,November,Cardiology
850,sHawNA rUsseLl,25,Male,O-,Hypertension,2023-08-27,Alexander Walters,Vazquez-Sanchez,Aetna,31401.5,265,Urgent,2023-08-28,Lipitor,Inconclusive,Young Adult (20-35),1,2023,8,August,Cardiology
851,LOrI LawREnce,66,Female,B-,Obesity,2022-05-26,Justin Paul,Mcintyre Ltd,UnitedHealthcare,20749.86,179,Elective,2022-05-30,Paracetamol,Inconclusive,Senior (65+),4,2022,5,May,Endocrinology
852,WhItney jonES,47,Male,B+,Hypertension,2021-09-13,Curtis Fox,"White Roberts and Lee,",Blue Cross,47297.42,389,Emergency,2021-09-16,Lipitor,Normal,Adult (36-50),3,2021,9,September,Cardiology
853,JOE DaVila,53,Female,O-,Obesity,2024-03-10,Theresa Harrison,"Simpson Espinoza, and Thompson",Aetna,26223.17,122,Urgent,2024-03-15,Penicillin,Normal,Middle Age (51-65),5,2024,3,March,Endocrinology
854,lISa KELlEr,37,Male,AB+,Asthma,2022-09-26,Mark Maynard,and Moore Sons,Cigna,35821.65,230,Urgent,2022-10-24,Paracetamol,Normal,Adult (36-50),28,2022,9,September,Pulmonology
855,jOrdAN BUSh,56,Male,A-,Arthritis,2019-12-26,Randy Graham,"and Mclaughlin Powers Stevens,",Medicare,21633.33,111,Elective,2019-12-27,Paracetamol,Inconclusive,Middle Age (51-65),1,2019,12,December,Orthopedics
856,BrEnDA yU,51,Male,A-,Arthritis,2021-01-18,Michael Jenkins,"and Anderson, Porter Becker",Blue Cross,39448.89,124,Elective,2021-02-11,Aspirin,Inconclusive,Middle Age (51-65),24,2021,1,January,Orthopedics
857,JASmine sHort,40,Female,O-,Cancer,2021-02-23,Amy Johnson,Bailey-Hunt,Medicare,8867.75,302,Emergency,2021-03-20,Lipitor,Inconclusive,Adult (36-50),25,2021,2,February,Oncology
858,Tamara LEonArd,56,Female,AB+,Arthritis,2020-03-15,Timothy Wagner,"King and Bryant Olsen,",Cigna,5571.24,192,Elective,2020-03-22,Paracetamol,Normal,Middle Age (51-65),7,2020,3,March,Orthopedics
859,keVIN wong,76,Male,A+,Asthma,2019-09-22,Kara Stevens,"Watson Johnson Joseph, and",Aetna,13014.33,108,Emergency,2019-09-28,Aspirin,Abnormal,Senior (65+),6,2019,9,September,Pulmonology
860,LIsa LopeZ,81,Male,AB+,Obesity,2023-12-07,David Keller,Group Evans,Aetna,27828.94,226,Emergency,2023-12-13,Ibuprofen,Abnormal,Senior (65+),6,2023,12,December,Endocrinology
861,jUSTiN VArgAs,84,Female,O-,Arthritis,2020-07-01,Emily Sanders,"Collins Porter and Rodgers,",Aetna,36931.48,337,Elective,2020-07-09,Paracetamol,Normal,Senior (65+),8,2020,7,July,Orthopedics
862,JoDy loPEZ,54,Male,O+,Obesity,2020-05-12,Chris Green,"and Goodwin, Hernandez Andrade",Medicare,41307.9,141,Elective,2020-05-17,Penicillin,Normal,Middle Age (51-65),5,2020,5,May,Endocrinology
863,JONaTHaN wOODs,40,Male,B+,Asthma,2022-08-29,Kurt Hamilton,Solomon PLC,Medicare,36632.32,476,Urgent,2022-09-10,Penicillin,Inconclusive,Adult (36-50),12,2022,8,August,Pulmonology
864,eMMa RAY,79,Male,O-,Cancer,2019-11-01,Richard Jones,Flores Sons and,Blue Cross,17658.47,461,Emergency,2019-11-19,Penicillin,Inconclusive,Senior (65+),18,2019,11,November,Oncology
865,andrEa jOHNSon,52,Male,AB-,Cancer,2019-08-16,Brian Herrera,Lowe LLC,Blue Cross,10034.72,362,Emergency,2019-09-15,Paracetamol,Abnormal,Middle Age (51-65),30,2019,8,August,Oncology
866,waYnE SHArp,42,Male,B+,Diabetes,2021-02-28,Robert Perkins,"Lopez Keller, Williams and",Cigna,7383.38,395,Emergency,2021-03-14,Paracetamol,Normal,Adult (36-50),14,2021,2,February,Endocrinology
867,sHelby BLack,41,Male,A+,Asthma,2020-09-07,Peter Nunez,Brown-Wood,Blue Cross,28974.46,377,Elective,2020-09-30,Paracetamol,Normal,Adult (36-50),23,2020,9,September,Pulmonology
868,maRthA MARTiN,26,Male,A+,Arthritis,2024-02-16,Diane Richardson,Martinez-Davis,Blue Cross,4697.23,143,Elective,2024-02-28,Aspirin,Abnormal,Young Adult (20-35),12,2024,2,February,Orthopedics
869,amanDA wilSoN,76,Female,B+,Cancer,2021-01-16,Julia Monroe,Alexander-Oconnor,Cigna,41150.19,244,Elective,2021-01-27,Lipitor,Abnormal,Senior (65+),11,2021,1,January,Oncology
870,JErEMy NGuyeN,29,Female,A+,Arthritis,2023-01-31,Michael Palmer,Carlson-Stone,Cigna,30324.45,156,Emergency,2023-02-14,Penicillin,Normal,Young Adult (20-35),14,2023,1,January,Orthopedics
871,eILEEN HaRRIs,19,Male,B-,Hypertension,2022-07-29,Hector King,"George Ward, and Clark",Medicare,33646.11,457,Emergency,2022-08-21,Penicillin,Normal,Teen (13-19),23,2022,7,July,Cardiology
872,johN becKEr,30,Female,O-,Diabetes,2022-04-27,Michael Webster,Nicholson-Johnson,Cigna,46717.95,147,Urgent,2022-05-01,Penicillin,Inconclusive,Young Adult (20-35),4,2022,4,April,Endocrinology
873,FelICIa wILey,37,Female,O-,Asthma,2020-06-06,Christy Maxwell,PLC Carr,Aetna,49997.33,427,Elective,2020-06-22,Aspirin,Normal,Adult (36-50),16,2020,6,June,Pulmonology
874,JESsE JOneS,82,Female,AB-,Asthma,2019-11-02,Jorge Armstrong,Alexander-Middleton,Blue Cross,38397.02,316,Elective,2019-11-28,Penicillin,Abnormal,Senior (65+),26,2019,11,November,Pulmonology
875,steVEN gleNn,84,Female,B+,Obesity,2022-09-12,Alexander Patterson,Horton-Martinez,UnitedHealthcare,10135.87,469,Urgent,2022-09-22,Paracetamol,Inconclusive,Senior (65+),10,2022,9,September,Endocrinology
876,CAROLine sWanSoN,52,Female,A+,Arthritis,2021-01-10,Richard Rodgers,Group Schneider,Aetna,25685.63,260,Emergency,2021-01-25,Paracetamol,Abnormal,Middle Age (51-65),15,2021,1,January,Orthopedics
877,TERRy NiCHolson,75,Female,B-,Hypertension,2019-11-05,Jasmine King,PLC Obrien,Blue Cross,6007.69,426,Emergency,2019-11-08,Aspirin,Inconclusive,Senior (65+),3,2019,11,November,Cardiology
878,KelLy tHOmAS,30,Male,A+,Cancer,2021-02-17,Nancy Sutton,Ramos-Holt,Blue Cross,7609.44,404,Urgent,2021-03-07,Ibuprofen,Abnormal,Young Adult (20-35),18,2021,2,February,Oncology
879,stevEn McgeE,76,Male,A-,Diabetes,2023-06-04,Brittany Anderson,"Patterson and Peterson, Velazquez",Medicare,46287.05,451,Emergency,2023-06-27,Paracetamol,Inconclusive,Senior (65+),23,2023,6,June,Endocrinology
880,sHeLleY waRE,56,Male,B-,Diabetes,2023-09-07,Heather Long,"Jensen and Jackson, Greene",Medicare,19204.92,131,Emergency,2023-10-06,Lipitor,Inconclusive,Middle Age (51-65),29,2023,9,September,Endocrinology
881,MELiSSA bRADY,65,Female,O-,Hypertension,2022-09-29,Amy Hawkins,Mathews-Lawrence,UnitedHealthcare,45019.03,237,Emergency,2022-10-09,Paracetamol,Abnormal,Middle Age (51-65),10,2022,9,September,Cardiology
882,MArIA hAll,83,Female,A+,Obesity,2022-02-03,Victor Fowler,"Morales, Johnson and Carlson",Blue Cross,44581.15,374,Urgent,2022-02-08,Penicillin,Abnormal,Senior (65+),5,2022,2,February,Endocrinology
883,AnDRE sMITh,43,Female,B+,Hypertension,2024-02-14,Sharon Hall,"Wilson, Ward Taylor and",Medicare,8726.7,164,Elective,2024-03-02,Penicillin,Inconclusive,Adult (36-50),17,2024,2,February,Cardiology
884,KareN GOnZaleZ,84,Male,A+,Hypertension,2020-09-10,Jeffrey Arellano,Torres-Johnson,Cigna,41966.57,293,Urgent,2020-09-21,Ibuprofen,Inconclusive,Senior (65+),11,2020,9,September,Cardiology
885,ViNCENt SelLErS,84,Female,B+,Hypertension,2023-01-24,Mary Johnson,Inc Mcbride,Blue Cross,44255.33,102,Urgent,2023-01-27,Lipitor,Inconclusive,Senior (65+),3,2023,1,January,Cardiology
886,brANDon buRKe,77,Male,O-,Obesity,2021-10-01,Kimberly Key,"and Dunlap, Wright Mays",UnitedHealthcare,43644.34,298,Emergency,2021-10-23,Paracetamol,Abnormal,Senior (65+),22,2021,10,October,Endocrinology
887,MR. MArK hANCocK,60,Male,O+,Arthritis,2021-06-05,Tara Lopez,Sullivan-Crosby,Blue Cross,45304.39,424,Elective,2021-06-11,Penicillin,Inconclusive,Middle Age (51-65),6,2021,6,June,Orthopedics
888,kenNETH PEReZ,48,Male,O+,Arthritis,2023-08-09,Angela Lara,"and Shaw, Davis Pollard",UnitedHealthcare,18891.92,274,Urgent,2023-08-26,Paracetamol,Inconclusive,Adult (36-50),17,2023,8,August,Orthopedics
889,MArtiN haNsEn,80,Female,B-,Asthma,2020-12-22,Laurie Brewer,Williams LLC,Aetna,18381.58,261,Urgent,2021-01-16,Ibuprofen,Normal,Senior (65+),25,2020,12,December,Pulmonology
890,susAn bROWN,46,Male,A+,Hypertension,2022-06-21,Margaret Hensley DVM,Franklin Ltd,Cigna,42316.12,360,Elective,2022-07-10,Paracetamol,Inconclusive,Adult (36-50),19,2022,6,June,Cardiology
891,niCOle ALVAraDO,38,Male,B-,Arthritis,2021-05-05,Adam Bowers,Galloway-Barnett,Medicare,15072.57,321,Elective,2021-05-15,Penicillin,Abnormal,Adult (36-50),10,2021,5,May,Orthopedics
892,JeSsicA RodRiGUeZ,72,Female,A-,Asthma,2024-04-20,Renee Odom,"Miller Olson, and Collins",Cigna,7380.73,124,Elective,2024-05-10,Aspirin,Normal,Senior (65+),20,2024,4,April,Pulmonology
893,tiNA PriCE,70,Female,A+,Asthma,2022-06-13,Amanda Morris,"Wheeler and Miller Burch,",UnitedHealthcare,5936.36,117,Elective,2022-07-05,Lipitor,Abnormal,Senior (65+),22,2022,6,June,Pulmonology
894,mR. jaCk wIlliS,46,Female,O+,Hypertension,2023-09-01,Gregory Oneill,Mercer-Booker,Cigna,7704.3,331,Emergency,2023-09-18,Penicillin,Abnormal,Adult (36-50),17,2023,9,September,Cardiology
895,GreGoRY aDAMS,82,Male,AB+,Cancer,2020-03-14,Erika Smith,"and Burke Skinner Myers,",Blue Cross,12099.79,440,Urgent,2020-04-01,Penicillin,Normal,Senior (65+),18,2020,3,March,Oncology
896,DAVId RObErtS,44,Female,A+,Hypertension,2022-06-05,Michelle Harmon,"and Parker, Stout Chase",Blue Cross,17202.9,308,Elective,2022-06-29,Ibuprofen,Inconclusive,Adult (36-50),24,2022,6,June,Cardiology
897,COry PERry,34,Female,O+,Asthma,2019-12-19,Shane Russell,"Fernandez Harris, and Wilson",UnitedHealthcare,25275.94,475,Urgent,2020-01-16,Ibuprofen,Inconclusive,Young Adult (20-35),28,2019,12,December,Pulmonology
898,JeSsica BarrY,49,Male,A-,Hypertension,2020-12-06,Rhonda Miller,Young-Myers,Aetna,17002.3,194,Emergency,2020-12-09,Ibuprofen,Normal,Adult (36-50),3,2020,12,December,Cardiology
899,cyNthIA thOmAs,44,Female,B+,Cancer,2019-05-13,Aaron Turner,Johnson PLC,Medicare,4794.75,382,Emergency,2019-06-10,Paracetamol,Inconclusive,Adult (36-50),28,2019,5,May,Oncology
900,sHannOn JOHnSOn,37,Male,A-,Hypertension,2023-01-17,Angela Anderson,"Barber Waters Castillo, and",Cigna,7241.2,316,Elective,2023-02-05,Penicillin,Normal,Adult (36-50),19,2023,1,January,Cardiology
901,jUSTIn whITE,37,Male,AB-,Arthritis,2022-07-28,Caitlin Jackson,Jarvis-Craig,Aetna,45218.74,346,Elective,2022-08-16,Aspirin,Abnormal,Adult (36-50),19,2022,7,July,Orthopedics
902,reGINA sTewarT,58,Female,O+,Diabetes,2022-10-15,Jeremy Stout,Schneider-Patton,Cigna,32052.06,109,Urgent,2022-11-05,Ibuprofen,Abnormal,Middle Age (51-65),21,2022,10,October,Endocrinology
903,chelsEa FInLeY,20,Female,A+,Obesity,2020-05-25,Michele Warren,"Kane Porter and Robinson,",Medicare,30718.55,226,Elective,2020-06-06,Ibuprofen,Normal,Young Adult (20-35),12,2020,5,May,Endocrinology
904,emmA beNNeTt,43,Male,A-,Obesity,2021-02-13,Eric English,Archer Inc,UnitedHealthcare,51441.73,449,Urgent,2021-03-03,Aspirin,Abnormal,Adult (36-50),18,2021,2,February,Endocrinology
905,AlaN lEe,57,Female,AB-,Cancer,2023-05-31,Shirley Armstrong,Castaneda-Powell,Blue Cross,1821.35,379,Emergency,2023-06-25,Penicillin,Inconclusive,Middle Age (51-65),25,2023,5,May,Oncology
906,KatELYn MiLler,76,Male,AB+,Arthritis,2020-01-18,Mary Miller,"King, Williams and Terry",Aetna,23857.5,214,Urgent,2020-01-26,Paracetamol,Inconclusive,Senior (65+),8,2020,1,January,Orthopedics
907,aManda morriS,53,Female,B-,Cancer,2020-08-19,Steve Anderson,Henry PLC,Cigna,4795.51,152,Urgent,2020-08-28,Penicillin,Abnormal,Middle Age (51-65),9,2020,8,August,Oncology
908,dAvID pRatt,45,Male,A-,Diabetes,2022-12-24,Candice Harris,"and Carpenter, Hernandez Chang",UnitedHealthcare,25500.71,415,Emergency,2023-01-22,Ibuprofen,Normal,Adult (36-50),29,2022,12,December,Endocrinology
909,MAtTheW cunnINGHAm,21,Female,O+,Asthma,2020-09-05,Rhonda Lucas,Santiago-Bush,Aetna,10837.61,261,Emergency,2020-09-25,Aspirin,Normal,Young Adult (20-35),20,2020,9,September,Pulmonology
910,bObBY CarSoN,64,Male,A-,Arthritis,2022-09-10,Cody Mcintyre,"Williams Hale and Summers,",Aetna,46836.71,234,Elective,2022-09-22,Paracetamol,Normal,Middle Age (51-65),12,2022,9,September,Orthopedics
911,meliNda WIlSOn,71,Male,AB-,Diabetes,2021-04-26,Scott Adams DDS,Ltd Carroll,UnitedHealthcare,11426.01,169,Emergency,2021-05-04,Aspirin,Abnormal,Senior (65+),8,2021,4,April,Endocrinology
912,NancY HaNSEn,28,Female,O-,Diabetes,2024-01-20,Jason Dixon,"Stevenson, Harding and Woods",Cigna,20590.52,105,Urgent,2024-01-28,Penicillin,Normal,Young Adult (20-35),8,2024,1,January,Endocrinology
913,gReGoRY wALlS,79,Male,A-,Hypertension,2021-03-05,Larry Williams,Munoz Ltd,Aetna,28100.09,349,Emergency,2021-03-15,Lipitor,Normal,Senior (65+),10,2021,3,March,Cardiology
914,aMBer NiXoN,40,Male,O+,Arthritis,2020-12-27,Candice Gray,LLC Hernandez,Cigna,33188.93,107,Urgent,2021-01-23,Penicillin,Abnormal,Adult (36-50),27,2020,12,December,Orthopedics
915,KriStIn fRancO,50,Female,AB+,Asthma,2021-09-22,Michael Richardson,"Kidd Romero, and Douglas",UnitedHealthcare,47130.03,311,Urgent,2021-10-15,Lipitor,Abnormal,Adult (36-50),23,2021,9,September,Pulmonology
916,JEremIAH vAZQuEz,64,Female,B-,Cancer,2023-05-01,Megan Allen,and Cordova Sons,Cigna,20361.87,366,Urgent,2023-05-31,Lipitor,Abnormal,Middle Age (51-65),30,2023,5,May,Oncology
917,AnthONy SmITH,81,Male,O+,Obesity,2019-05-12,Jonathan Crawford,Garcia-Clark,Aetna,11229.76,425,Emergency,2019-05-23,Penicillin,Abnormal,Senior (65+),11,2019,5,May,Endocrinology
918,vIcToRiA brADy,52,Female,O+,Hypertension,2021-02-22,Benjamin Cruz,Robinson Group,Medicare,6969.09,379,Emergency,2021-03-15,Penicillin,Normal,Middle Age (51-65),21,2021,2,February,Cardiology
919,erIN cLaRk,76,Male,B+,Obesity,2022-03-10,Tracy Marks,"Hayes Ryan, and Martinez",Blue Cross,31405.58,103,Urgent,2022-03-18,Aspirin,Inconclusive,Senior (65+),8,2022,3,March,Endocrinology
920,hEAtHer BOyLe,52,Male,B+,Obesity,2022-10-23,Nathan Benjamin,"Glover and Oneill Miller,",Cigna,22976.91,309,Emergency,2022-11-03,Aspirin,Abnormal,Middle Age (51-65),11,2022,10,October,Endocrinology
921,eLiZAbeTH ShEPPARd,77,Female,O-,Cancer,2024-03-13,Sara Cole,Diaz Inc,Aetna,32136.51,384,Emergency,2024-03-29,Penicillin,Inconclusive,Senior (65+),16,2024,3,March,Oncology
922,roBErT boOne,81,Male,AB+,Hypertension,2019-08-06,Sara Warner,Martin-Nguyen,UnitedHealthcare,39313.89,448,Elective,2019-08-16,Lipitor,Normal,Senior (65+),10,2019,8,August,Cardiology
923,geoFFrEy DANiELs,36,Male,B-,Obesity,2020-09-15,Stanley Moreno,Roberts Inc,Cigna,5624.29,380,Emergency,2020-09-26,Paracetamol,Inconclusive,Adult (36-50),11,2020,9,September,Endocrinology
924,joHN khAn,72,Female,AB+,Cancer,2019-10-31,Nina Smith,"Riley, Grimes Ruiz and",Blue Cross,5823.05,219,Elective,2019-11-03,Lipitor,Inconclusive,Senior (65+),3,2019,10,October,Oncology
925,ChrISTopheR aRmSTRoNg,70,Male,O-,Diabetes,2020-09-07,Justin Nguyen,Ltd Rogers,Aetna,11628.62,332,Urgent,2020-09-19,Lipitor,Inconclusive,Senior (65+),12,2020,9,September,Endocrinology
926,JeNNiFER lopez,44,Female,O-,Arthritis,2021-08-27,Michele Ramos,Gomez Inc,Medicare,8104.67,174,Elective,2021-09-24,Lipitor,Inconclusive,Adult (36-50),28,2021,8,August,Orthopedics
927,mELISSa ROBerTson,81,Female,A-,Arthritis,2019-12-21,James Harris,PLC Mack,Cigna,12093.09,246,Emergency,2020-01-15,Aspirin,Inconclusive,Senior (65+),25,2019,12,December,Orthopedics
928,KAren PriCE,41,Male,B-,Arthritis,2019-09-23,Carla Burgess,Castro-Gomez,Medicare,29465.82,271,Urgent,2019-09-26,Lipitor,Abnormal,Adult (36-50),3,2019,9,September,Orthopedics
929,LiSa fRanKLin,32,Female,A+,Arthritis,2022-05-21,Luke York,"Chan, Goodman and Gould",Cigna,22545.93,294,Emergency,2022-05-25,Penicillin,Inconclusive,Young Adult (20-35),4,2022,5,May,Orthopedics
930,KRisTIN BURtoN,58,Female,B-,Obesity,2019-12-29,Whitney Phillips,"Russell and Randolph, Lawrence",Medicare,2641.02,234,Elective,2020-01-04,Aspirin,Normal,Middle Age (51-65),6,2019,12,December,Endocrinology
931,caiTLin aDAms,33,Male,A-,Arthritis,2020-04-03,Daniel Johnson,Evans-Gonzalez,Cigna,16527.26,395,Elective,2020-04-04,Penicillin,Inconclusive,Young Adult (20-35),1,2020,4,April,Orthopedics
932,EvaN HeRnANDez,80,Male,A+,Cancer,2022-12-15,Audrey Lewis,Miller Sons and,Medicare,13624.83,363,Urgent,2022-12-28,Paracetamol,Inconclusive,Senior (65+),13,2022,12,December,Oncology
933,jEnNiFer KNiGht,67,Male,O-,Obesity,2020-08-07,Donald Wagner,Watts-Schneider,Aetna,39570.07,161,Urgent,2020-08-09,Aspirin,Inconclusive,Senior (65+),2,2020,8,August,Endocrinology
934,BOnnIE WiLSon,39,Male,A-,Diabetes,2022-03-19,Lisa Fisher,Harrell Inc,Aetna,13256.41,146,Urgent,2022-03-20,Paracetamol,Normal,Adult (36-50),1,2022,3,March,Endocrinology
935,kEnnETh raMIREZ,52,Male,A+,Arthritis,2024-03-10,Amber Williams,"Reed Valdez and Pratt,",Medicare,32633.2,484,Emergency,2024-03-26,Aspirin,Normal,Middle Age (51-65),16,2024,3,March,Orthopedics
936,ELleN mCCuLloUgh,49,Male,AB-,Arthritis,2019-11-29,Patrick Medina,Ali Group,Blue Cross,19720.04,114,Emergency,2019-11-30,Lipitor,Normal,Adult (36-50),1,2019,11,November,Orthopedics
937,THomAS SToNe,41,Male,B-,Hypertension,2019-07-17,Sheri Castro,Conner-Nelson,Blue Cross,46421.26,124,Emergency,2019-08-12,Paracetamol,Abnormal,Adult (36-50),26,2019,7,July,Cardiology
938,katHLEEn ArMstrong,81,Female,O-,Hypertension,2020-05-27,Crystal Thornton,"and Miller Prince Rodriguez,",Blue Cross,10767.38,126,Elective,2020-06-12,Aspirin,Normal,Senior (65+),16,2020,5,May,Cardiology
939,tErrY BEnnetT,19,Female,A-,Hypertension,2019-09-06,Kimberly Carter,"Parker Davis Clark, and",Blue Cross,47656.52,286,Emergency,2019-10-01,Penicillin,Inconclusive,Teen (13-19),25,2019,9,September,Cardiology
940,kRISTIN NGuYeN,83,Male,AB+,Hypertension,2021-04-06,Frederick Arnold,Mills-Petersen,Cigna,46186.16,114,Elective,2021-05-06,Ibuprofen,Abnormal,Senior (65+),30,2021,4,April,Cardiology
941,aNgEla rANdOLph,36,Female,O+,Cancer,2019-05-19,Anna Atkinson,"Smith Anderson and Hunt,",UnitedHealthcare,44148.54,336,Emergency,2019-05-29,Paracetamol,Abnormal,Adult (36-50),10,2019,5,May,Oncology
942,chrIsTOpHEr tAtE,43,Female,A-,Cancer,2023-09-24,Mary Coleman,Kennedy-Smith,Cigna,12447.27,360,Elective,2023-10-20,Paracetamol,Abnormal,Adult (36-50),26,2023,9,September,Oncology
943,chrisTopHeR wALToN,72,Male,AB-,Diabetes,2019-09-30,Jeremy Parker,"and Moore, Ballard Johnson",Cigna,43298.43,290,Urgent,2019-10-10,Paracetamol,Abnormal,Senior (65+),10,2019,9,September,Endocrinology
944,mEAGAN MIranDA,73,Female,A+,Asthma,2022-07-23,Dorothy Garcia,"Williams Reynolds and Rangel,",Cigna,33379.55,142,Emergency,2022-08-16,Ibuprofen,Abnormal,Senior (65+),24,2022,7,July,Pulmonology
945,dAvId BrOwn,32,Male,AB-,Cancer,2020-05-11,John Sanders,"Shelton Johnson, and Green",Blue Cross,37553.16,256,Emergency,2020-06-06,Aspirin,Inconclusive,Young Adult (20-35),26,2020,5,May,Oncology
946,EriC MilleR,39,Male,O+,Asthma,2019-08-01,Ashlee Cooper,"Lopez, and Howard Morrison",Aetna,44931.13,194,Elective,2019-08-08,Penicillin,Normal,Adult (36-50),7,2019,8,August,Pulmonology
947,JoeL BaRTlEtT,72,Male,B+,Asthma,2019-09-06,Nicole Vance,Sons and Cortez,Medicare,44595.97,203,Urgent,2019-09-15,Lipitor,Abnormal,Senior (65+),9,2019,9,September,Pulmonology
948,stAcY GIlLEspiE,24,Male,B-,Cancer,2023-01-28,Karen Lynn,Roberts Ltd,Cigna,10243.97,383,Emergency,2023-02-26,Penicillin,Inconclusive,Young Adult (20-35),29,2023,1,January,Oncology
949,cINdy SHaW,32,Female,O-,Obesity,2023-09-11,Rachel Lopez,Sellers-Shepard,Blue Cross,8762.5,454,Emergency,2023-10-11,Penicillin,Abnormal,Young Adult (20-35),30,2023,9,September,Endocrinology
950,Andrew eriCKsON,57,Female,AB+,Asthma,2020-03-11,Samuel Williams,"Lloyd Scott, and Reese",Medicare,10363.67,384,Emergency,2020-03-18,Ibuprofen,Normal,Middle Age (51-65),7,2020,3,March,Pulmonology
951,aShleY roDrIguez,56,Male,B-,Asthma,2021-03-07,Steven Rogers,Gibson-Osborne,Medicare,22827.81,124,Urgent,2021-03-21,Paracetamol,Abnormal,Middle Age (51-65),14,2021,3,March,Pulmonology
952,dARrYl CruZ,84,Female,O+,Asthma,2024-04-03,Melanie Lloyd,Matthews-Morgan,UnitedHealthcare,22913.35,238,Urgent,2024-04-10,Ibuprofen,Inconclusive,Senior (65+),7,2024,4,April,Pulmonology
953,shEiLA cHurcH,46,Male,B-,Cancer,2022-12-25,Bobby Mayo,Scott and Sons,Aetna,33800.91,437,Urgent,2023-01-10,Penicillin,Abnormal,Adult (36-50),16,2022,12,December,Oncology
954,NANcY munOZ,55,Male,AB+,Obesity,2020-04-01,Fernando Hodge,Diaz-Richards,Aetna,23713.92,187,Urgent,2020-04-26,Ibuprofen,Inconclusive,Middle Age (51-65),25,2020,4,April,Endocrinology
955,REBeccA MarTinEZ,19,Female,A+,Hypertension,2020-01-23,Valerie Simmons,LLC Johnson,Medicare,41794.36,354,Emergency,2020-02-20,Aspirin,Abnormal,Teen (13-19),28,2020,1,January,Cardiology
956,johN SIMmOns,69,Female,O+,Diabetes,2023-02-10,Cheryl Herrera,Murphy Group,Blue Cross,40304.38,449,Emergency,2023-02-25,Paracetamol,Inconclusive,Senior (65+),15,2023,2,February,Endocrinology
957,LANce TORREs,69,Female,B-,Cancer,2023-10-20,John Rodriguez MD,"Barajas and Byrd, Wolf",Medicare,43825.06,329,Elective,2023-10-28,Paracetamol,Normal,Senior (65+),8,2023,10,October,Oncology
958,tImotHy TErrY,56,Male,A-,Hypertension,2020-07-15,Ashley Jackson,"Salazar Newman White, and",Medicare,16509.89,472,Emergency,2020-08-11,Lipitor,Inconclusive,Middle Age (51-65),27,2020,7,July,Cardiology
959,joHn MOorE,36,Female,A-,Arthritis,2023-01-14,Samuel Hebert,Hancock-Lewis,Medicare,46268.73,425,Elective,2023-02-08,Aspirin,Normal,Adult (36-50),25,2023,1,January,Orthopedics
960,bRAdLeY RAMos,44,Male,A-,Arthritis,2021-06-19,Ryan Garcia,Barrett-Wright,UnitedHealthcare,36272.75,465,Emergency,2021-07-14,Paracetamol,Normal,Adult (36-50),25,2021,6,June,Orthopedics
961,JIlL TayLOR,32,Male,O-,Obesity,2020-05-18,Kelli Gutierrez,"Bowers Blankenship Jackson, and",Medicare,5614.52,169,Urgent,2020-05-19,Aspirin,Abnormal,Young Adult (20-35),1,2020,5,May,Endocrinology
962,kelLy brown,61,Female,B-,Arthritis,2020-05-16,Kenneth Watson,Hahn-Wilson,UnitedHealthcare,21429.67,493,Elective,2020-06-15,Ibuprofen,Abnormal,Middle Age (51-65),30,2020,5,May,Orthopedics
963,jonATHan chAVEZ,61,Male,AB+,Cancer,2021-03-11,Jo Donaldson,"Ramirez and Nelson, Collins",Cigna,24057.47,304,Emergency,2021-04-02,Paracetamol,Normal,Middle Age (51-65),22,2021,3,March,Oncology
964,deniSe Wall,47,Male,B-,Arthritis,2023-02-05,Ronald Patrick,Sosa-Jackson,Blue Cross,22775.47,462,Elective,2023-02-12,Penicillin,Abnormal,Adult (36-50),7,2023,2,February,Orthopedics
965,ToDd martinez,49,Female,A+,Obesity,2021-10-19,Lonnie Patton,Dillon-Richard,Cigna,30953.78,186,Urgent,2021-11-12,Penicillin,Normal,Adult (36-50),24,2021,10,October,Endocrinology
966,jEnnIFer foRD,83,Male,B-,Asthma,2019-09-07,Gabrielle Hendrix,Stokes and Sons,Medicare,12101.13,424,Urgent,2019-09-29,Aspirin,Abnormal,Senior (65+),22,2019,9,September,Pulmonology
967,RAYMOnD Park JR.,63,Male,B-,Asthma,2021-05-26,Brandy Parsons,Inc Nguyen,Blue Cross,1478.18,478,Elective,2021-06-20,Ibuprofen,Normal,Middle Age (51-65),25,2021,5,May,Pulmonology
968,jUlia reYNOLDs,26,Female,O-,Cancer,2021-05-07,Anthony Norris,Gallagher-Hernandez,Aetna,37197.86,124,Urgent,2021-05-27,Penicillin,Abnormal,Young Adult (20-35),20,2021,5,May,Oncology
969,JOhN McleAn,20,Female,AB-,Arthritis,2023-01-17,Kristina Mendez MD,"Johnson David Carpenter, and",Medicare,5407.73,294,Elective,2023-01-29,Paracetamol,Normal,Young Adult (20-35),12,2023,1,January,Orthopedics
970,KATie hOwARd,69,Male,AB-,Asthma,2020-03-05,Justin Clark,"and Montes Marshall Valdez,",Medicare,6035.46,282,Urgent,2020-03-06,Lipitor,Normal,Senior (65+),1,2020,3,March,Pulmonology
971,AmandA LAWSon,26,Male,AB-,Asthma,2022-09-16,Charles Schmidt,PLC Kelly,Blue Cross,5778.25,408,Elective,2022-10-16,Aspirin,Normal,Young Adult (20-35),30,2022,9,September,Pulmonology
972,PAUL muRRaY,36,Male,AB+,Arthritis,2022-06-03,Johnny Alvarado,Wilson-Sherman,UnitedHealthcare,46602.69,229,Elective,2022-06-28,Ibuprofen,Abnormal,Adult (36-50),25,2022,6,June,Orthopedics
973,JAmEs MorRis,27,Male,AB-,Diabetes,2020-12-30,Patricia Kidd,Peterson Group,Medicare,47789.83,493,Emergency,2021-01-26,Paracetamol,Abnormal,Young Adult (20-35),27,2020,12,December,Endocrinology
974,MaTTHew cOlliNs,60,Female,B-,Obesity,2020-08-09,Christopher Fleming,Hall-Taylor,Aetna,46608.39,142,Emergency,2020-08-15,Penicillin,Abnormal,Middle Age (51-65),6,2020,8,August,Endocrinology
975,sharOn cArPenTeR,67,Female,AB-,Arthritis,2021-03-10,Robert Higgins,Rios PLC,UnitedHealthcare,8709.04,187,Elective,2021-03-29,Lipitor,Normal,Senior (65+),19,2021,3,March,Orthopedics
976,maRcUS bRoWn,41,Female,O+,Cancer,2021-03-15,Adrian Powell,"Lutz, Lester and Kelly",UnitedHealthcare,18271.0,178,Urgent,2021-03-26,Ibuprofen,Abnormal,Adult (36-50),11,2021,3,March,Oncology
977,mItcHElL DeCkeR,45,Male,B-,Hypertension,2021-08-23,Alexander Rivera,"Scott, Moore and Brewer",Medicare,17679.03,132,Urgent,2021-08-24,Penicillin,Normal,Adult (36-50),1,2021,8,August,Cardiology
978,dONald mURPhY,37,Male,A+,Diabetes,2023-11-11,Pam Johnson,"Sullivan Henderson Lloyd, and",Cigna,21965.15,406,Emergency,2023-11-28,Penicillin,Inconclusive,Adult (36-50),17,2023,11,November,Endocrinology
979,JOSePh faRlEy,46,Male,A+,Cancer,2023-12-31,Tracy Howard,"and Rhodes Trujillo, Booth",Cigna,27309.71,326,Emergency,2024-01-27,Penicillin,Inconclusive,Adult (36-50),27,2023,12,December,Oncology
980,BReNdaN paRKer,71,Female,A+,Arthritis,2019-09-21,Matthew Taylor,Bailey-White,Cigna,4437.96,406,Emergency,2019-10-20,Penicillin,Normal,Senior (65+),29,2019,9,September,Orthopedics
981,SaMuEL dAVis,69,Female,B+,Hypertension,2022-11-04,Sharon Harding,Bridges Inc,UnitedHealthcare,15704.09,334,Emergency,2022-11-13,Ibuprofen,Inconclusive,Senior (65+),9,2022,11,November,Cardiology
982,KeLsey POrTeR,65,Male,O-,Asthma,2019-08-08,Kristine Browning,"Jackson Carr, Garcia and",Medicare,16528.8,286,Urgent,2019-08-19,Paracetamol,Abnormal,Middle Age (51-65),11,2019,8,August,Pulmonology
983,mArk bRYaNt,75,Female,O+,Arthritis,2023-10-05,Timothy Kim,Richardson-Griffin,Cigna,3621.16,346,Elective,2023-10-08,Penicillin,Inconclusive,Senior (65+),3,2023,10,October,Orthopedics
984,mARGAret ZamoRa,77,Male,O+,Diabetes,2020-08-28,Joshua Ross,Allen-Campbell,UnitedHealthcare,47863.02,159,Urgent,2020-09-04,Ibuprofen,Normal,Senior (65+),7,2020,8,August,Endocrinology
985,dAVid pAyne,22,Male,A+,Obesity,2020-07-08,Linda Adams,Ferguson-Liu,Medicare,46772.58,311,Emergency,2020-07-13,Ibuprofen,Abnormal,Young Adult (20-35),5,2020,7,July,Endocrinology
986,tony salAs pHD,58,Female,O+,Obesity,2023-10-06,Richard Andrews,Lee Ltd,Medicare,18479.74,438,Urgent,2023-10-09,Ibuprofen,Inconclusive,Middle Age (51-65),3,2023,10,October,Endocrinology
987,AdRiaN bowMan,25,Female,A-,Cancer,2023-07-01,Julie Warren,Baldwin-Marshall,Blue Cross,7285.49,103,Urgent,2023-07-05,Lipitor,Normal,Young Adult (20-35),4,2023,7,July,Oncology
988,MRS. laUrEn morgaN,83,Female,B-,Diabetes,2021-08-07,Angela Mathis,Norman PLC,Blue Cross,6818.72,101,Elective,2021-08-20,Lipitor,Normal,Senior (65+),13,2021,8,August,Endocrinology
989,joSHuA muRRay,27,Male,A-,Hypertension,2020-05-13,Beth Williams,Boyd-Fisher,Blue Cross,14374.31,291,Urgent,2020-05-26,Lipitor,Abnormal,Young Adult (20-35),13,2020,5,May,Cardiology
990,JAsoN webER,32,Male,B-,Arthritis,2023-09-26,Alejandra Williams,Inc Davis,UnitedHealthcare,5936.18,313,Urgent,2023-09-29,Aspirin,Normal,Young Adult (20-35),3,2023,9,September,Orthopedics
991,reBeCcA LeWis,40,Male,A+,Diabetes,2023-06-14,Jennifer Mitchell,Perry Inc,Cigna,32897.27,228,Urgent,2023-06-15,Ibuprofen,Inconclusive,Adult (36-50),1,2023,6,June,Endocrinology
992,JOAn aRcHeR,25,Male,AB-,Asthma,2024-05-05,Bradley Hunter,"and Brown Larson Moyer,",Cigna,3963.12,415,Urgent,2024-05-07,Aspirin,Abnormal,Young Adult (20-35),2,2024,5,May,Pulmonology
993,brittAnY EDwarDs,69,Male,A-,Asthma,2023-04-03,Todd Houston,Soto-Boyle,Blue Cross,16057.82,431,Elective,2023-04-11,Ibuprofen,Normal,Senior (65+),8,2023,4,April,Pulmonology
994,tiMotHy dIAz,25,Female,B-,Diabetes,2021-10-24,Michael Grant,Jones-Ellis,Medicare,44041.57,454,Emergency,2021-11-13,Ibuprofen,Normal,Young Adult (20-35),20,2021,10,October,Endocrinology
995,DaniEL BLaNKenShIP,66,Female,B+,Arthritis,2023-05-24,Debra Carpenter,"Jenkins, Mathews and Ho",Medicare,15086.16,445,Urgent,2023-06-09,Lipitor,Abnormal,Senior (65+),16,2023,5,May,Orthopedics
996,mAry stEphenS,62,Male,A+,Hypertension,2019-12-20,Amanda Johnson,Villa Inc,UnitedHealthcare,16377.52,174,Urgent,2020-01-17,Penicillin,Inconclusive,Middle Age (51-65),28,2019,12,December,Cardiology
997,BrIAN FigUERoA,30,Male,A-,Hypertension,2022-04-27,Joseph Flores,Castro PLC,UnitedHealthcare,43488.84,341,Elective,2022-05-04,Lipitor,Inconclusive,Young Adult (20-35),7,2022,4,April,Cardiology
998,sTEphANIe anderSOn,55,Male,B+,Hypertension,2019-11-14,Kyle Gray,Ortiz-Martin,Cigna,43108.89,161,Emergency,2019-11-16,Ibuprofen,Inconclusive,Middle Age (51-65),2,2019,11,November,Cardiology
999,MiCHaeL DOyle,78,Female,O-,Hypertension,2022-04-17,Sarah Jackson,Anthony-Torres,Medicare,21585.24,402,Emergency,2022-04-25,Penicillin,Abnormal,Senior (65+),8,2022,4,April,Cardiology
1000,KAThlEEn MARsHAll,69,Female,A-,Arthritis,2022-04-15,Alyssa Cox,PLC Drake,Medicare,28922.86,307,Urgent,2022-05-12,Penicillin,Inconclusive,Senior (65+),27,2022,4,April,Orthopedics
1001,dONaLD lYNch,77,Male,O+,Cancer,2021-03-13,Angela Johnson,Schmidt Ltd,UnitedHealthcare,14808.75,157,Emergency,2021-03-14,Aspirin,Normal,Senior (65+),1,2021,3,March,Oncology
1002,DaVid EspInoza,56,Female,A+,Hypertension,2021-12-18,Debbie Browning,Ortiz-Gardner,UnitedHealthcare,26824.0,180,Emergency,2022-01-06,Ibuprofen,Inconclusive,Middle Age (51-65),19,2021,12,December,Cardiology
1003,jULia kEiTh,58,Female,O-,Asthma,2022-12-09,James Smith,Smith-White,Blue Cross,49741.77,157,Emergency,2022-12-27,Paracetamol,Inconclusive,Middle Age (51-65),18,2022,12,December,Pulmonology
1004,KRiStEN cOhEn,78,Female,O-,Asthma,2024-01-06,Brandy Nichols,Ltd Stewart,Aetna,14687.5,155,Elective,2024-01-31,Aspirin,Normal,Senior (65+),25,2024,1,January,Pulmonology
1005,eRICa ReyEs,50,Male,O+,Asthma,2020-12-27,Jennifer Roach,"Hunter and James Wilson,",Blue Cross,30770.32,221,Emergency,2020-12-30,Aspirin,Inconclusive,Adult (36-50),3,2020,12,December,Pulmonology
1006,aNdREw bryAN,38,Female,O-,Obesity,2024-01-05,Kenneth Beltran,Martinez-Elliott,Blue Cross,32173.35,453,Elective,2024-01-06,Penicillin,Abnormal,Adult (36-50),1,2024,1,January,Endocrinology
1007,MaRy pArrISH,81,Female,A-,Cancer,2021-02-24,Elizabeth Freeman,Wright-Nguyen,Medicare,28009.03,101,Urgent,2021-02-28,Paracetamol,Abnormal,Senior (65+),4,2021,2,February,Oncology
1008,kATRIna WaRreN,80,Male,AB-,Cancer,2023-09-11,Elizabeth Campbell,"and Johnson Wright Carter,",Medicare,14657.57,131,Elective,2023-09-27,Lipitor,Abnormal,Senior (65+),16,2023,9,September,Oncology
1009,Kevin rOBInSoN,48,Female,A+,Cancer,2022-01-31,Larry Collier,Johnson-Collins,UnitedHealthcare,49492.14,126,Elective,2022-02-09,Lipitor,Normal,Adult (36-50),9,2022,1,January,Oncology
1010,miCHaeL BrADLEY,22,Male,O+,Arthritis,2022-08-22,Lisa Howell,Olsen LLC,UnitedHealthcare,7647.47,218,Emergency,2022-09-15,Penicillin,Inconclusive,Young Adult (20-35),24,2022,8,August,Orthopedics
1011,debBiE scOtt,50,Male,A-,Arthritis,2021-10-07,Ellen Bailey,Smith LLC,Cigna,37340.17,427,Urgent,2021-10-08,Ibuprofen,Abnormal,Adult (36-50),1,2021,10,October,Orthopedics
1012,sARA caNTrelL,19,Male,O-,Diabetes,2021-10-04,Kimberly Gregory,Rodriguez-Morgan,Cigna,23743.1,171,Emergency,2021-10-13,Aspirin,Inconclusive,Teen (13-19),9,2021,10,October,Endocrinology
1013,cAtheRInE PEtErSOn,79,Male,A+,Obesity,2023-08-13,Timothy Williams,Ltd Bell,Aetna,10322.74,282,Emergency,2023-09-02,Paracetamol,Inconclusive,Senior (65+),20,2023,8,August,Endocrinology
1014,KYLe tHoMaS,44,Female,B-,Arthritis,2019-11-16,Crystal Thompson,"and Thompson Mccall, Brooks",Medicare,5009.97,324,Urgent,2019-11-25,Paracetamol,Inconclusive,Adult (36-50),9,2019,11,November,Orthopedics
1015,ScOtT sImON,50,Female,A-,Hypertension,2023-05-10,John Bryant,Castillo LLC,Blue Cross,22823.92,262,Emergency,2023-06-04,Ibuprofen,Inconclusive,Adult (36-50),25,2023,5,May,Cardiology
1016,valErIe HUnter,20,Female,O+,Arthritis,2021-03-28,Robert Brewer,Torres Group,Medicare,27854.68,309,Urgent,2021-04-17,Lipitor,Abnormal,Young Adult (20-35),20,2021,3,March,Orthopedics
1017,mOniQue dOMiNgUEz,75,Male,B+,Asthma,2021-02-05,Craig Allen,"Boyd and Baker Rasmussen,",Blue Cross,2223.61,173,Emergency,2021-02-17,Aspirin,Abnormal,Senior (65+),12,2021,2,February,Pulmonology
1018,coDy TAYLOR,45,Female,AB+,Asthma,2023-07-15,Shannon Hicks,Owens-Adkins,Medicare,13534.11,219,Urgent,2023-07-23,Ibuprofen,Abnormal,Adult (36-50),8,2023,7,July,Pulmonology
1019,aMAnDa SULLIvan,20,Female,O-,Asthma,2023-01-20,Toni Russell,PLC Lewis,Medicare,5851.03,214,Emergency,2023-02-18,Ibuprofen,Inconclusive,Young Adult (20-35),29,2023,1,January,Pulmonology
1020,MARY ruIz,50,Female,AB-,Hypertension,2020-03-22,Anita Ortega,Brennan-Walters,Blue Cross,20831.14,353,Emergency,2020-04-01,Paracetamol,Inconclusive,Adult (36-50),10,2020,3,March,Cardiology
1021,aPRil MaRTIN,39,Female,AB+,Diabetes,2020-10-17,Anthony Lopez,"and Mcdonald Taylor, Pitts",Aetna,10556.98,266,Emergency,2020-10-26,Penicillin,Abnormal,Adult (36-50),9,2020,10,October,Endocrinology
1022,sean bENNeTt,32,Female,O+,Asthma,2021-01-19,Timothy Johnson,Martin LLC,Blue Cross,29831.52,281,Elective,2021-02-05,Lipitor,Normal,Young Adult (20-35),17,2021,1,January,Pulmonology
1023,Ryan hARRis,58,Male,A-,Diabetes,2023-03-26,Erica Gallagher,Huang-Blanchard,Aetna,30143.3,459,Urgent,2023-04-05,Ibuprofen,Normal,Middle Age (51-65),10,2023,3,March,Endocrinology
1024,TylER gonZalez,67,Female,A-,Diabetes,2022-09-28,Megan Zimmerman,"Gonzalez and Marks, Lopez",Aetna,34555.17,317,Emergency,2022-10-16,Aspirin,Normal,Senior (65+),18,2022,9,September,Endocrinology
1025,CHRistOPheR rOdRIgUEZ,59,Male,AB-,Cancer,2019-10-20,Kyle Nelson,"Molina, Rogers and Horton",Cigna,3915.23,346,Elective,2019-11-07,Penicillin,Abnormal,Middle Age (51-65),18,2019,10,October,Oncology
1026,briAn ArEllAno,37,Male,O+,Arthritis,2022-03-13,Thomas Cross,"Haynes Miller, and Gray",Aetna,36541.89,446,Emergency,2022-03-17,Paracetamol,Abnormal,Adult (36-50),4,2022,3,March,Orthopedics
1027,DanIeLLe cANNOn,37,Male,B+,Obesity,2020-03-19,Stephanie Howard,"Garcia Woodward and Morgan,",Cigna,6709.76,362,Elective,2020-03-22,Aspirin,Abnormal,Adult (36-50),3,2020,3,March,Endocrinology
1028,KATIe mARTinEZ,59,Female,O+,Diabetes,2021-02-22,Dr. Alex Clark,and Kennedy Sons,Cigna,5078.63,476,Elective,2021-03-04,Paracetamol,Abnormal,Middle Age (51-65),10,2021,2,February,Endocrinology
1029,pamEla KeLLY,68,Male,B-,Arthritis,2021-06-28,Joseph Powers,Inc Anderson,Cigna,36247.04,313,Emergency,2021-07-27,Ibuprofen,Inconclusive,Senior (65+),29,2021,6,June,Orthopedics
1030,laURie EdWaRdS,51,Female,A-,Hypertension,2022-10-08,Kevin Mack,"Armstrong Everett, Adams and",UnitedHealthcare,24786.22,154,Elective,2022-11-05,Aspirin,Abnormal,Middle Age (51-65),28,2022,10,October,Cardiology
1031,chAd crOss,74,Male,B-,Hypertension,2021-10-05,Savannah Mahoney,Mclaughlin-Jenkins,Blue Cross,28652.04,377,Urgent,2021-10-26,Aspirin,Abnormal,Senior (65+),21,2021,10,October,Cardiology
1032,KYLe grAy,81,Female,AB+,Hypertension,2023-02-15,Taylor Juarez,Parks PLC,UnitedHealthcare,9824.84,188,Emergency,2023-02-22,Ibuprofen,Abnormal,Senior (65+),7,2023,2,February,Cardiology
1033,CaseY HamIlToN,60,Male,O-,Diabetes,2021-01-24,Stephanie Thompson,"Hendrix, Roberts and Pitts",UnitedHealthcare,3763.77,180,Urgent,2021-02-11,Paracetamol,Abnormal,Middle Age (51-65),18,2021,1,January,Endocrinology
1034,JIlLIAN sILva,44,Male,A+,Hypertension,2022-01-22,Christopher Ross,"and Berger Perry, Calhoun",UnitedHealthcare,31043.21,458,Urgent,2022-02-09,Ibuprofen,Inconclusive,Adult (36-50),18,2022,1,January,Cardiology
1035,DOnAld AYAlA,33,Female,AB-,Obesity,2023-03-02,Cassandra Howe,Evans-Molina,Aetna,14033.55,471,Emergency,2023-03-03,Ibuprofen,Abnormal,Young Adult (20-35),1,2023,3,March,Endocrinology
1036,wIlLIAM forD,35,Male,B+,Obesity,2020-10-26,Hannah Garcia,and Sons Tucker,Medicare,28978.37,143,Emergency,2020-10-31,Ibuprofen,Normal,Young Adult (20-35),5,2020,10,October,Endocrinology
1037,IsABella kENNEDy,46,Male,B-,Asthma,2022-02-09,Raymond Mercer,Group Holder,Blue Cross,46467.77,433,Urgent,2022-02-16,Paracetamol,Inconclusive,Adult (36-50),7,2022,2,February,Pulmonology
1038,jUSTIN BrOwN,51,Female,B+,Hypertension,2023-10-26,Wendy Morgan,Lawrence PLC,UnitedHealthcare,19095.52,360,Emergency,2023-11-21,Penicillin,Inconclusive,Middle Age (51-65),26,2023,10,October,Cardiology
1039,SHANNoN aLexaNder,65,Male,A-,Obesity,2024-01-11,Cynthia Sanders,Smith Ltd,Cigna,13302.23,494,Elective,2024-01-15,Penicillin,Abnormal,Middle Age (51-65),4,2024,1,January,Endocrinology
1040,kATHERIne WhITakEr,75,Male,O+,Hypertension,2022-05-25,Michael Munoz,Howe-Smith,Aetna,47701.53,184,Emergency,2022-06-19,Paracetamol,Normal,Senior (65+),25,2022,5,May,Cardiology
1041,JeREmy camPBELl,33,Female,B-,Cancer,2019-07-31,Frederick Smith,PLC Vargas,Cigna,3311.87,448,Elective,2019-08-08,Aspirin,Abnormal,Young Adult (20-35),8,2019,7,July,Oncology
1042,joEl MOntgomeRY,45,Female,O+,Diabetes,2022-02-27,Ricky King,"and Ray Wood Barrett,",Cigna,3553.9,375,Emergency,2022-03-03,Aspirin,Abnormal,Adult (36-50),4,2022,2,February,Endocrinology
1043,chRiStinE FrAziER,81,Female,AB+,Diabetes,2021-05-15,Richard Fox,"Davis Moore Bartlett, and",UnitedHealthcare,41320.71,136,Elective,2021-05-31,Paracetamol,Abnormal,Senior (65+),16,2021,5,May,Endocrinology
1044,bRittany NorMaN,56,Female,B-,Arthritis,2023-07-27,Alexander Preston,Barton-Johnson,Blue Cross,14150.51,406,Elective,2023-08-19,Penicillin,Abnormal,Middle Age (51-65),23,2023,7,July,Orthopedics
1045,julIE frEEman,57,Male,A+,Obesity,2022-08-01,Stacey Weaver,Salas-Farmer,Medicare,34903.67,371,Emergency,2022-08-16,Aspirin,Abnormal,Middle Age (51-65),15,2022,8,August,Endocrinology
1046,HenRY CastRo,75,Male,A+,Arthritis,2021-05-17,Cole Harris,"Neal and Roberson Hicks,",Cigna,47641.7,187,Urgent,2021-05-30,Paracetamol,Abnormal,Senior (65+),13,2021,5,May,Orthopedics
1047,dR. aARon AndErseN,22,Male,A+,Cancer,2022-03-22,Kimberly Martinez,Robinson Inc,Aetna,4440.42,245,Elective,2022-04-01,Ibuprofen,Normal,Young Adult (20-35),10,2022,3,March,Oncology
1048,brANDon gOmEz,68,Male,B+,Hypertension,2020-08-31,Daniel Calhoun,and Howard Sons,Aetna,19936.66,212,Elective,2020-09-13,Penicillin,Normal,Senior (65+),13,2020,8,August,Cardiology
1049,REgIna MATthEWs,22,Male,AB+,Arthritis,2021-03-17,Zachary Lopez,"and Morris Mullins, Hernandez",UnitedHealthcare,44863.65,244,Emergency,2021-03-20,Aspirin,Normal,Young Adult (20-35),3,2021,3,March,Orthopedics
1050,AlAn roACH,47,Male,A+,Cancer,2019-06-13,Dwayne Bradley,Rodriguez-Howard,Medicare,6877.48,200,Emergency,2019-06-17,Penicillin,Normal,Adult (36-50),4,2019,6,June,Oncology
1051,CHRisTOPhER mcFarlaNd,66,Male,AB-,Hypertension,2020-08-01,Francisco Gray,Martin Ltd,Cigna,17036.11,120,Elective,2020-08-22,Lipitor,Abnormal,Senior (65+),21,2020,8,August,Cardiology
1052,mICHAElA pATtERSON mD,51,Female,O+,Cancer,2020-03-25,Shane Mcintosh,Jordan-Hood,Blue Cross,19825.22,256,Emergency,2020-04-05,Lipitor,Abnormal,Middle Age (51-65),11,2020,3,March,Oncology
1053,miChAel hofFMAn,45,Male,AB+,Asthma,2020-05-03,Katherine Taylor,Fox-Singleton,Cigna,47624.25,261,Urgent,2020-05-27,Lipitor,Abnormal,Adult (36-50),24,2020,5,May,Pulmonology
1054,DYlAN SiMON,23,Female,A+,Arthritis,2022-11-29,Laura Shaw,"Holland, Daniels Brennan and",Cigna,22014.56,132,Elective,2022-12-17,Ibuprofen,Abnormal,Young Adult (20-35),18,2022,11,November,Orthopedics
1055,chriStiNa DAVIs,77,Male,AB-,Obesity,2019-12-12,Susan Wheeler,Sanchez-Green,Aetna,17621.52,331,Elective,2019-12-27,Penicillin,Abnormal,Senior (65+),15,2019,12,December,Endocrinology
1056,JeNniFeR FUEntEs,68,Male,B+,Asthma,2023-04-14,Tim Rodriguez,Brown LLC,Blue Cross,47742.59,134,Urgent,2023-05-03,Penicillin,Abnormal,Senior (65+),19,2023,4,April,Pulmonology
1057,petER kelLY,21,Female,AB+,Cancer,2021-09-08,Stephanie Lamb,Pacheco-Morris,Cigna,40960.96,171,Elective,2021-10-03,Penicillin,Normal,Young Adult (20-35),25,2021,9,September,Oncology
1058,TammY coLE,28,Male,A+,Hypertension,2020-05-16,Frank Bell,"Odonnell, Kelly Mejia and",Blue Cross,45977.38,249,Urgent,2020-05-20,Ibuprofen,Inconclusive,Young Adult (20-35),4,2020,5,May,Cardiology
1059,sanDra FLYnn,64,Male,B+,Obesity,2020-05-24,Sherry Parker,Zimmerman-Schneider,UnitedHealthcare,29685.11,307,Emergency,2020-06-01,Ibuprofen,Abnormal,Middle Age (51-65),8,2020,5,May,Endocrinology
1060,KatHryn SMiTH,23,Male,B-,Obesity,2020-01-05,Daniel Johnson,"Hoover Rodriguez, and Vang",UnitedHealthcare,11418.62,360,Urgent,2020-01-31,Lipitor,Abnormal,Young Adult (20-35),26,2020,1,January,Endocrinology
1061,JACQUEliNE StANtON,29,Female,B-,Cancer,2023-05-20,Mr. Joseph Smith,Fuller Sons and,Cigna,20578.3,408,Emergency,2023-05-25,Penicillin,Normal,Young Adult (20-35),5,2023,5,May,Oncology
1062,emMA FredERIck,79,Female,O-,Arthritis,2023-10-16,Abigail Flores,and Sons Bonilla,Cigna,7068.91,237,Elective,2023-10-27,Penicillin,Inconclusive,Senior (65+),11,2023,10,October,Orthopedics
1063,kENNeTh jOnES,53,Male,O+,Cancer,2022-12-09,Maria Hernandez,"and Gordon Lee Yang,",UnitedHealthcare,16964.06,292,Urgent,2022-12-12,Penicillin,Inconclusive,Middle Age (51-65),3,2022,12,December,Oncology
1064,JEffrEy sMITH,25,Female,AB-,Cancer,2022-10-21,Tonya Potter,LLC Howard,UnitedHealthcare,16428.99,407,Urgent,2022-11-14,Penicillin,Normal,Young Adult (20-35),24,2022,10,October,Oncology
1065,DAVId OWeN,60,Male,O-,Obesity,2020-02-27,Joshua Meyer,"and Shields Williams, James",UnitedHealthcare,49241.69,399,Elective,2020-03-16,Lipitor,Abnormal,Middle Age (51-65),18,2020,2,February,Endocrinology
1066,KYle REEd,59,Female,AB+,Obesity,2022-08-28,Stacy Bender,Moore-Sanders,Cigna,28954.26,379,Emergency,2022-09-14,Aspirin,Inconclusive,Middle Age (51-65),17,2022,8,August,Endocrinology
1067,CHad peRez,26,Female,A+,Diabetes,2023-11-15,John Moore,"Ortiz, and Massey Norton",Cigna,2329.11,496,Urgent,2023-11-27,Lipitor,Abnormal,Young Adult (20-35),12,2023,11,November,Endocrinology
1068,COUrtnEy bArnETT,56,Male,AB+,Obesity,2023-03-25,Michael Craig,PLC Anderson,UnitedHealthcare,17327.98,480,Urgent,2023-03-26,Penicillin,Abnormal,Middle Age (51-65),1,2023,3,March,Endocrinology
1069,KElLY MiLler,53,Female,A+,Obesity,2021-02-28,Christine Wood,Herring-Smith,Cigna,22475.88,479,Emergency,2021-03-29,Ibuprofen,Abnormal,Middle Age (51-65),29,2021,2,February,Endocrinology
1070,lARRy rAmSEY,73,Female,B+,Diabetes,2021-05-14,Melissa White,PLC Hale,Blue Cross,32773.82,430,Emergency,2021-05-17,Lipitor,Abnormal,Senior (65+),3,2021,5,May,Endocrinology
1071,edWaRD DUrAn,38,Male,B+,Obesity,2020-04-19,David Obrien,"Parker Jackson, Jackson and",Aetna,17202.05,488,Urgent,2020-05-12,Aspirin,Normal,Adult (36-50),23,2020,4,April,Endocrinology
1072,LEAH SullIVAn,73,Female,A-,Cancer,2024-01-18,Matthew Clark,"Parsons Petersen, Mckenzie and",Medicare,43801.73,232,Emergency,2024-02-08,Lipitor,Abnormal,Senior (65+),21,2024,1,January,Oncology
1073,SUsan oWeN,20,Female,B-,Arthritis,2021-05-05,Michele Alvarez,Guerrero-Jordan,Medicare,8042.61,434,Emergency,2021-05-20,Lipitor,Inconclusive,Young Adult (20-35),15,2021,5,May,Orthopedics
1074,sTEVEN James,19,Male,A+,Hypertension,2020-06-27,Patrick Ross,"Lee Pugh, and Orozco",Medicare,26660.45,109,Urgent,2020-07-23,Aspirin,Normal,Teen (13-19),26,2020,6,June,Cardiology
1075,hOLLY coLON,79,Female,A+,Obesity,2022-01-08,Maureen Jones,"Payne Parker, Murphy and",Medicare,33071.27,328,Emergency,2022-01-31,Penicillin,Abnormal,Senior (65+),23,2022,1,January,Endocrinology
1076,PaTRICK Cook,56,Female,A+,Arthritis,2019-09-01,Eric Beard,"and Hernandez Mckinney Li,",Medicare,36923.54,387,Emergency,2019-10-01,Lipitor,Abnormal,Middle Age (51-65),30,2019,9,September,Orthopedics
1077,daNIEL heNdriCks,54,Female,O-,Arthritis,2020-02-17,Colleen Lawrence,Hancock Ltd,UnitedHealthcare,34455.48,102,Urgent,2020-02-21,Penicillin,Normal,Middle Age (51-65),4,2020,2,February,Orthopedics
1078,RyAn BeRg,37,Female,O-,Arthritis,2021-04-05,Stefanie Howard,"Mitchell Brown and Rice,",UnitedHealthcare,29993.38,205,Elective,2021-04-09,Paracetamol,Inconclusive,Adult (36-50),4,2021,4,April,Orthopedics
1079,DEbbiE thoMPsON,23,Male,B+,Diabetes,2023-07-14,Mark Wallace,Garcia-Martinez,Blue Cross,9736.46,391,Urgent,2023-07-18,Lipitor,Abnormal,Young Adult (20-35),4,2023,7,July,Endocrinology
1080,JESsE SanCHeZ,35,Male,A+,Cancer,2021-01-06,Nichole Washington,Douglas-Diaz,Blue Cross,43625.56,167,Emergency,2021-01-25,Penicillin,Abnormal,Young Adult (20-35),19,2021,1,January,Oncology
1081,NORMAN tHoMaS,52,Male,A-,Cancer,2023-05-05,Gabrielle Brown,Ltd Tran,Cigna,33864.95,429,Elective,2023-05-14,Ibuprofen,Abnormal,Middle Age (51-65),9,2023,5,May,Oncology
1082,cATherInE zhAnG,58,Male,O+,Asthma,2020-02-17,Sean Ortiz,"Smith and Foster Cooper,",UnitedHealthcare,12004.4,135,Elective,2020-03-06,Paracetamol,Normal,Middle Age (51-65),18,2020,2,February,Pulmonology
1083,john OROzCo Md,28,Male,B+,Arthritis,2022-08-27,Jacqueline Monroe,Hunter Inc,Blue Cross,1910.78,150,Urgent,2022-09-07,Paracetamol,Abnormal,Young Adult (20-35),11,2022,8,August,Orthopedics
1084,wAYNE hODGE,47,Female,A-,Diabetes,2019-10-09,Nicole Manning,Sons Flores and,Blue Cross,9594.89,312,Emergency,2019-11-07,Paracetamol,Normal,Adult (36-50),29,2019,10,October,Endocrinology
1085,ElAINE LYncH,68,Female,B+,Arthritis,2022-05-06,Donna Callahan,Green Group,Medicare,3770.64,356,Emergency,2022-05-14,Paracetamol,Inconclusive,Senior (65+),8,2022,5,May,Orthopedics
1086,DERek LAwSoN,25,Female,B+,Cancer,2019-07-08,Ashley Warner,"Lewis, Gibbs and Powell",Aetna,12950.76,333,Emergency,2019-07-14,Paracetamol,Inconclusive,Young Adult (20-35),6,2019,7,July,Oncology
1087,ANdRE andErSon,71,Female,O+,Arthritis,2020-09-12,Noah Schultz,"Gomez and Espinoza, Wilson",Aetna,14564.75,446,Emergency,2020-09-18,Paracetamol,Normal,Senior (65+),6,2020,9,September,Orthopedics
1088,DonNa SMitH,36,Female,B+,Diabetes,2021-12-02,Cassandra Martinez,Sons Martin and,Blue Cross,38276.36,253,Emergency,2021-12-16,Lipitor,Normal,Adult (36-50),14,2021,12,December,Endocrinology
1089,Dr. LEONarD BrEWEr Ii,34,Male,A+,Diabetes,2022-09-08,Robert Gomez,Sons and Moore,Medicare,12586.42,234,Urgent,2022-09-21,Penicillin,Normal,Young Adult (20-35),13,2022,9,September,Endocrinology
1090,pAMELa GARrett,23,Female,A+,Cancer,2021-01-30,Adam Torres,Hernandez-Pearson,Medicare,34251.22,197,Elective,2021-02-19,Penicillin,Normal,Young Adult (20-35),20,2021,1,January,Oncology
1091,pHiLlip wIlsON,66,Male,O+,Diabetes,2020-04-03,Dawn Mcintosh,Harrison-Robles,Medicare,23812.42,380,Emergency,2020-04-30,Lipitor,Normal,Senior (65+),27,2020,4,April,Endocrinology
1092,VAnEsSa WALKeR,57,Male,B-,Obesity,2022-08-14,Cody Shaw,Ltd Guerra,Aetna,26378.98,357,Urgent,2022-09-13,Ibuprofen,Inconclusive,Middle Age (51-65),30,2022,8,August,Endocrinology
1093,jusTIN LEwis,73,Female,AB-,Asthma,2023-05-09,Ryan Mclean,Group Hudson,Medicare,34587.81,252,Urgent,2023-05-30,Lipitor,Inconclusive,Senior (65+),21,2023,5,May,Pulmonology
1094,aNtHoNy coLeMAn,21,Female,O+,Asthma,2019-12-29,Mr. Evan Long PhD,Cordova LLC,Aetna,14945.33,370,Elective,2020-01-07,Penicillin,Normal,Young Adult (20-35),9,2019,12,December,Pulmonology
1095,JasmInE luNA,27,Male,A-,Obesity,2020-04-10,Dr. William Santiago,Horton-Boone,Cigna,11023.29,142,Urgent,2020-05-10,Paracetamol,Abnormal,Young Adult (20-35),30,2020,4,April,Endocrinology
1096,mICHaeL pattON,58,Female,O-,Hypertension,2022-11-19,Kimberly Conner,Campbell-Ryan,Medicare,36841.6,387,Elective,2022-12-15,Lipitor,Abnormal,Middle Age (51-65),26,2022,11,November,Cardiology
1097,JoShUA tURNER,31,Female,AB+,Asthma,2019-08-18,Kenneth Glass,"Johnson Aguilar Hamilton, and",Aetna,25894.01,278,Elective,2019-08-30,Ibuprofen,Normal,Young Adult (20-35),12,2019,8,August,Pulmonology
1098,bilLY JOhNSOn,64,Female,B+,Cancer,2021-09-30,Preston Werner,Moreno Inc,Medicare,33631.42,176,Urgent,2021-10-03,Lipitor,Normal,Middle Age (51-65),3,2021,9,September,Oncology
1099,AntHONy gOnZALez phd,80,Female,AB+,Arthritis,2019-09-16,Robin Davis,Group Brown,Aetna,32879.09,361,Emergency,2019-09-27,Aspirin,Inconclusive,Senior (65+),11,2019,9,September,Orthopedics
1100,saRaH LoPEZ,26,Female,AB+,Arthritis,2021-04-18,Alexandra Kim,Inc Singh,Blue Cross,30502.46,443,Elective,2021-04-30,Ibuprofen,Abnormal,Young Adult (20-35),12,2021,4,April,Orthopedics
1101,LAWrencE wIlliAmS,56,Male,AB+,Hypertension,2024-02-13,David Moore,Sanchez-Mccullough,UnitedHealthcare,6576.09,396,Elective,2024-02-24,Lipitor,Inconclusive,Middle Age (51-65),11,2024,2,February,Cardiology
1102,sUSAN NicHOLs,46,Female,A+,Diabetes,2020-10-05,John Barker,"Smith Rodriguez and Buchanan,",Aetna,41392.78,331,Elective,2020-10-07,Aspirin,Abnormal,Adult (36-50),2,2020,10,October,Endocrinology
1103,jEaN RodriGuez,53,Male,B-,Hypertension,2021-08-02,Taylor Dillon,Grant-Wiggins,Medicare,30714.82,149,Emergency,2021-08-26,Aspirin,Abnormal,Middle Age (51-65),24,2021,8,August,Cardiology
1104,JeNNIfER leOn,58,Male,A-,Cancer,2022-10-16,Michael Preston,May-Smith,Aetna,30627.21,291,Emergency,2022-10-26,Lipitor,Abnormal,Middle Age (51-65),10,2022,10,October,Oncology
1105,meREdIth HILl,40,Male,B-,Cancer,2023-12-13,Mark Brown,"Franco and Trevino Clayton,",Medicare,32482.16,196,Emergency,2023-12-19,Aspirin,Inconclusive,Adult (36-50),6,2023,12,December,Oncology
1106,LaUra lAwrenCe,84,Female,O-,Obesity,2023-11-19,Alyssa Tapia,Herman-Griffin,Blue Cross,7238.96,328,Urgent,2023-11-22,Lipitor,Normal,Senior (65+),3,2023,11,November,Endocrinology
1107,juSTin HiCks,39,Female,O-,Arthritis,2021-01-03,Justin Carey,Mcclure Inc,UnitedHealthcare,41210.77,465,Urgent,2021-01-10,Paracetamol,Normal,Adult (36-50),7,2021,1,January,Orthopedics
1108,KRiSTa THORNton,41,Male,AB+,Obesity,2022-10-01,Kevin Chan,Watson-Hill,Cigna,1114.41,150,Emergency,2022-10-20,Paracetamol,Inconclusive,Adult (36-50),19,2022,10,October,Endocrinology
1109,Ian DuFFy,74,Male,B+,Cancer,2019-05-24,Gregory Braun,"Martin Rodriguez, Richardson and",UnitedHealthcare,11162.43,455,Emergency,2019-06-17,Aspirin,Normal,Senior (65+),24,2019,5,May,Oncology
1110,jaDe BaKER,84,Female,O-,Obesity,2021-05-31,Todd Evans,"and Gray Smith, Jennings",UnitedHealthcare,1990.27,488,Urgent,2021-06-03,Lipitor,Normal,Senior (65+),3,2021,5,May,Endocrinology
1111,BiLlY pEtersEn,67,Female,B+,Obesity,2019-07-02,Donald Hebert,"and Reynolds Moore Martin,",Medicare,32363.64,161,Elective,2019-07-13,Penicillin,Inconclusive,Senior (65+),11,2019,7,July,Endocrinology
1112,robeRT GArciA,55,Female,B-,Cancer,2022-12-01,Erik Santos,Inc Wyatt,Blue Cross,7949.35,331,Emergency,2022-12-03,Ibuprofen,Inconclusive,Middle Age (51-65),2,2022,12,December,Oncology
1113,joHn doNAlDsON,84,Female,B+,Obesity,2019-06-26,Diana Lee,"Potts, Salas Fletcher and",Blue Cross,36760.48,442,Elective,2019-06-30,Lipitor,Abnormal,Senior (65+),4,2019,6,June,Endocrinology
1114,rAYMond gaLvaN,28,Male,A+,Obesity,2023-02-19,Cory Mitchell,Carr Group,Cigna,24416.38,110,Emergency,2023-03-13,Paracetamol,Normal,Young Adult (20-35),22,2023,2,February,Endocrinology
1115,bRaNdoN GREene,57,Female,A-,Diabetes,2020-06-03,Michelle Moses,Osborne-Hayes,Aetna,25821.26,105,Elective,2020-06-11,Paracetamol,Abnormal,Middle Age (51-65),8,2020,6,June,Endocrinology
1116,CHristINe COOper,55,Male,O+,Diabetes,2021-05-06,Jennifer Herman,Sullivan-Thomas,Cigna,29427.51,286,Urgent,2021-05-14,Lipitor,Normal,Middle Age (51-65),8,2021,5,May,Endocrinology
1117,AsHlEY HAWKInS,22,Female,B-,Hypertension,2020-11-22,Danielle Jennings,Group Graves,Blue Cross,13763.98,232,Elective,2020-11-27,Lipitor,Normal,Young Adult (20-35),5,2020,11,November,Cardiology
1118,deREK sINglETon,46,Female,AB+,Hypertension,2021-02-14,Matthew Calhoun,Inc Gonzales,UnitedHealthcare,36135.23,175,Elective,2021-03-02,Paracetamol,Normal,Adult (36-50),16,2021,2,February,Cardiology
1119,KyLe ANDErsoN,55,Male,AB-,Diabetes,2022-08-12,Marcus Green,Roberts-Brock,Aetna,1933.24,112,Elective,2022-08-16,Aspirin,Normal,Middle Age (51-65),4,2022,8,August,Endocrinology
1120,SARAH GrEEn,51,Female,B+,Asthma,2023-02-06,Kelly Warren,PLC Johnson,Medicare,48723.71,297,Emergency,2023-03-02,Penicillin,Abnormal,Middle Age (51-65),24,2023,2,February,Pulmonology
1121,sHeLLY lyNn,80,Female,B+,Arthritis,2021-08-04,Jennifer Smith,"and Gill, King Osborn",Cigna,37114.41,143,Urgent,2021-08-30,Paracetamol,Normal,Senior (65+),26,2021,8,August,Orthopedics
1122,JOHn mCcArTY,67,Female,A+,Asthma,2023-01-20,Shelia Burns,"and Johnson, Carter Johnston",Aetna,19190.26,415,Elective,2023-02-02,Ibuprofen,Abnormal,Senior (65+),13,2023,1,January,Pulmonology
1123,cOURTNEy mOoRE,21,Female,O-,Arthritis,2021-03-12,Gina Jackson,"Deleon Oneal, Moore and",Cigna,42247.34,334,Urgent,2021-04-11,Penicillin,Inconclusive,Young Adult (20-35),30,2021,3,March,Orthopedics
1124,jaVieR hamILToN,71,Male,O-,Arthritis,2022-02-12,Jason Jackson,Scott-Stewart,Cigna,12068.76,472,Emergency,2022-02-25,Ibuprofen,Abnormal,Senior (65+),13,2022,2,February,Orthopedics
1125,sanDra graham,54,Female,A+,Hypertension,2022-06-16,Steven Burgess,Santos-Harris,UnitedHealthcare,33834.66,472,Emergency,2022-07-02,Ibuprofen,Inconclusive,Middle Age (51-65),16,2022,6,June,Cardiology
1126,Carol miLler,85,Female,AB+,Hypertension,2019-12-27,Kenneth Simmons,Brown PLC,Cigna,13924.72,147,Elective,2020-01-23,Lipitor,Normal,Senior (65+),27,2019,12,December,Cardiology
1127,braNDI hOod,73,Male,A-,Arthritis,2022-01-20,Melinda Valencia,Benson-Cunningham,Medicare,37323.44,390,Elective,2022-02-02,Lipitor,Abnormal,Senior (65+),13,2022,1,January,Orthopedics
1128,adAM thompsoN,21,Male,A+,Cancer,2022-09-12,Anita Ramos,"and Walker, Li Gomez",Cigna,32540.97,305,Emergency,2022-09-19,Ibuprofen,Abnormal,Young Adult (20-35),7,2022,9,September,Oncology
1129,ambER rEid,41,Male,AB+,Hypertension,2020-12-17,Brian Wright,Moore-Arias,Blue Cross,1538.39,258,Emergency,2020-12-20,Lipitor,Normal,Adult (36-50),3,2020,12,December,Cardiology
1130,jEnnifEr EvAns,63,Male,A+,Obesity,2022-01-10,Alvin Guzman,Cunningham Group,Cigna,33449.56,301,Elective,2022-01-12,Aspirin,Normal,Middle Age (51-65),2,2022,1,January,Endocrinology
1131,keIth WilCox,21,Female,B-,Asthma,2024-01-15,Ricky Nguyen,"Pineda Rhodes, and Luna",Blue Cross,18187.77,494,Emergency,2024-02-06,Ibuprofen,Inconclusive,Young Adult (20-35),22,2024,1,January,Pulmonology
1132,CyntHIa BRyaNt,70,Male,A+,Hypertension,2021-12-09,Nicole Weaver,"Pearson, Carroll and Lane",Medicare,943.12,469,Elective,2022-01-08,Lipitor,Abnormal,Senior (65+),30,2021,12,December,Cardiology
1133,NIChoLas bEll,49,Male,AB-,Obesity,2019-08-05,John Whitney,Gonzalez-Keith,Cigna,45777.44,178,Elective,2019-08-08,Penicillin,Normal,Adult (36-50),3,2019,8,August,Endocrinology
1134,HAnNAh CareY,60,Female,AB-,Cancer,2021-02-17,Emma Yang,Perez-Henderson,Cigna,20840.24,146,Urgent,2021-03-14,Lipitor,Inconclusive,Middle Age (51-65),25,2021,2,February,Oncology
1135,BRaD lEwis,29,Male,O+,Diabetes,2019-05-29,Sierra Kerr,Davis-Smith,Aetna,38625.54,117,Urgent,2019-06-26,Penicillin,Normal,Young Adult (20-35),28,2019,5,May,Endocrinology
1136,CHrIsTIna sullIVAn,46,Male,A+,Cancer,2019-08-28,James Austin,Henderson Inc,UnitedHealthcare,7837.56,377,Elective,2019-09-20,Penicillin,Normal,Adult (36-50),23,2019,8,August,Oncology
1137,sHARon ferREll,55,Male,AB-,Arthritis,2023-03-15,Jennifer Snyder,"Williams, and Diaz Campbell",UnitedHealthcare,30299.2,281,Emergency,2023-03-21,Paracetamol,Normal,Middle Age (51-65),6,2023,3,March,Orthopedics
1138,kylE aRmStroNg,62,Male,AB+,Obesity,2023-02-05,Casey Baker,"Finley Salinas, Jones and",Blue Cross,13795.0,206,Urgent,2023-02-23,Paracetamol,Inconclusive,Middle Age (51-65),18,2023,2,February,Endocrinology
1139,BRYcE klEIN,71,Female,O+,Hypertension,2024-01-24,Joshua Vargas,"Baker and Barber Baxter,",Blue Cross,15645.72,335,Elective,2024-02-11,Paracetamol,Abnormal,Senior (65+),18,2024,1,January,Cardiology
1140,GAbRIeL GaRciA,18,Female,A-,Cancer,2021-01-02,Calvin Evans,Ltd Marquez,Cigna,47559.88,369,Elective,2021-01-10,Lipitor,Inconclusive,Teen (13-19),8,2021,1,January,Oncology
1141,JuSTIn gibbs,23,Male,AB-,Obesity,2019-07-12,Olivia Morales,Stuart Inc,UnitedHealthcare,33991.2,138,Urgent,2019-07-25,Paracetamol,Normal,Young Adult (20-35),13,2019,7,July,Endocrinology
1142,keLly JOhNSON,38,Male,O+,Hypertension,2019-09-27,Jessica Leblanc,Ltd Dixon,Medicare,48437.88,136,Urgent,2019-09-30,Ibuprofen,Inconclusive,Adult (36-50),3,2019,9,September,Cardiology
1143,ChristophEr bROWN,30,Male,B+,Obesity,2019-06-18,Kimberly Vargas,PLC Harris,Medicare,20070.14,305,Urgent,2019-07-16,Lipitor,Abnormal,Young Adult (20-35),28,2019,6,June,Endocrinology
1144,lISa CHamBERS,39,Male,A-,Diabetes,2022-04-22,Lucas Woods,Carpenter-Chen,Blue Cross,39180.3,118,Elective,2022-05-08,Ibuprofen,Inconclusive,Adult (36-50),16,2022,4,April,Endocrinology
1145,MICHAel zImmeRMaN,55,Female,AB-,Arthritis,2020-05-31,Samantha Contreras,Ltd Wilkinson,Cigna,25474.5,220,Urgent,2020-06-18,Paracetamol,Abnormal,Middle Age (51-65),18,2020,5,May,Orthopedics
1146,deaNNA colLiNS,38,Male,O-,Asthma,2021-12-15,Ashley Steele,Miles-Sanchez,UnitedHealthcare,18510.33,217,Elective,2022-01-13,Lipitor,Normal,Adult (36-50),29,2021,12,December,Pulmonology
1147,eRIka HErNAndez,48,Female,B+,Diabetes,2021-03-17,Richard Stokes,Collins Sons and,Medicare,11884.33,264,Elective,2021-04-13,Paracetamol,Normal,Adult (36-50),27,2021,3,March,Endocrinology
1148,PAMeLA DuncaN,26,Female,B+,Asthma,2023-10-05,Paula Herrera,Massey Inc,Cigna,3573.02,119,Emergency,2023-10-18,Aspirin,Normal,Young Adult (20-35),13,2023,10,October,Pulmonology
1149,saRa jONES,68,Female,O+,Obesity,2022-11-15,Donald Nguyen,"Baker and Thompson, Johnson",Blue Cross,4084.52,435,Elective,2022-12-14,Lipitor,Inconclusive,Senior (65+),29,2022,11,November,Endocrinology
1150,THErEsA COlEMan,60,Female,A+,Obesity,2021-12-23,Jonathon Galvan,Group Robbins,Cigna,10649.33,236,Urgent,2021-12-30,Penicillin,Inconclusive,Middle Age (51-65),7,2021,12,December,Endocrinology
1151,stACeY WOOd,72,Female,B+,Diabetes,2020-02-10,Joan Mccarty,White-Stone,Medicare,28756.23,205,Elective,2020-02-16,Aspirin,Abnormal,Senior (65+),6,2020,2,February,Endocrinology
1152,pATrICK FlOreS,23,Female,O+,Cancer,2021-06-11,Jason Stokes,Caldwell Group,Blue Cross,26424.35,274,Urgent,2021-06-17,Lipitor,Normal,Young Adult (20-35),6,2021,6,June,Oncology
1153,lAURa mORgaN,55,Male,AB+,Arthritis,2022-03-05,Ronald Stafford,Brown-Thompson,Cigna,34602.1,339,Elective,2022-03-14,Paracetamol,Normal,Middle Age (51-65),9,2022,3,March,Orthopedics
1154,nIcOlE CRaNE,59,Male,AB+,Diabetes,2023-11-22,Rebecca Davis,Sons and Morton,Aetna,6216.41,276,Emergency,2023-11-23,Paracetamol,Inconclusive,Middle Age (51-65),1,2023,11,November,Endocrinology
1155,RoBert aRELlaNO,83,Male,O-,Obesity,2021-01-08,Kathleen Wheeler,and Johnson Sons,Medicare,34770.75,328,Urgent,2021-02-06,Aspirin,Normal,Senior (65+),29,2021,1,January,Endocrinology
1156,JoN SPeNCe,36,Female,A+,Arthritis,2023-07-31,Clifford Wilson,Travis Inc,Cigna,27378.99,488,Elective,2023-08-15,Lipitor,Inconclusive,Adult (36-50),15,2023,7,July,Orthopedics
1157,KevIn sMiTH,51,Male,A-,Arthritis,2019-08-10,Ryan Patterson,Brooks LLC,UnitedHealthcare,12297.03,103,Emergency,2019-08-14,Paracetamol,Abnormal,Middle Age (51-65),4,2019,8,August,Orthopedics
1158,RHonDa JAcKsoN,59,Male,B+,Asthma,2020-02-24,Kathryn Wong,"Nguyen, Simmons and Johnson",UnitedHealthcare,43863.48,408,Elective,2020-03-22,Paracetamol,Normal,Middle Age (51-65),27,2020,2,February,Pulmonology
1159,DanIEL mORRiS,64,Female,AB+,Arthritis,2021-06-25,Amy Perry,"Buck and Delgado, Rich",Blue Cross,21690.8,140,Emergency,2021-07-16,Lipitor,Abnormal,Middle Age (51-65),21,2021,6,June,Orthopedics
1160,CoURtney stepHeNs,38,Male,B-,Obesity,2022-04-10,Joe Hicks,Snyder Ltd,Medicare,41134.79,494,Emergency,2022-04-28,Paracetamol,Abnormal,Adult (36-50),18,2022,4,April,Endocrinology
1161,bRENT RObiNsON,25,Female,B+,Obesity,2020-01-26,Aaron Johnson,"Patton and Mclaughlin, Barr",UnitedHealthcare,4980.39,192,Emergency,2020-02-19,Paracetamol,Normal,Young Adult (20-35),24,2020,1,January,Endocrinology
1162,DEVin HaRmon,52,Male,AB+,Diabetes,2021-06-26,Margaret Massey,Olson LLC,Cigna,4152.86,293,Emergency,2021-06-27,Penicillin,Normal,Middle Age (51-65),1,2021,6,June,Endocrinology
1163,kimBErlY sHANNoN,80,Female,A-,Obesity,2022-03-21,Pamela Miller,"Foley, Williams Gonzales and",Blue Cross,26459.13,387,Emergency,2022-03-30,Penicillin,Normal,Senior (65+),9,2022,3,March,Endocrinology
1164,paTRicIA bEniTez,34,Female,A+,Cancer,2022-11-01,Christopher King,Melton Ltd,Blue Cross,22549.38,207,Emergency,2022-11-18,Penicillin,Normal,Young Adult (20-35),17,2022,11,November,Oncology
1165,micHAEl ROgERS,32,Female,B+,Obesity,2022-10-11,Debbie Peters,Baker PLC,Cigna,45870.56,314,Urgent,2022-11-06,Penicillin,Abnormal,Young Adult (20-35),26,2022,10,October,Endocrinology
1166,WIlLiam fAULKner,42,Female,B+,Obesity,2019-06-13,William Paul,Oconnor and Sons,Blue Cross,43131.25,382,Elective,2019-07-12,Penicillin,Inconclusive,Adult (36-50),29,2019,6,June,Endocrinology
1167,aMy HartmAN,37,Female,O-,Arthritis,2020-09-13,Dustin Russell,"Schmitt and Montgomery, Barber",Blue Cross,16828.05,147,Urgent,2020-10-13,Paracetamol,Inconclusive,Adult (36-50),30,2020,9,September,Orthopedics
1168,HoLlY anDeRSen,20,Male,O-,Cancer,2022-05-26,Mr. Jimmy Gonzales,"and Miller Montoya, Small",Aetna,38270.27,120,Urgent,2022-06-25,Penicillin,Abnormal,Young Adult (20-35),30,2022,5,May,Oncology
1169,jEnNiFEr MayO,26,Female,A+,Cancer,2021-07-07,Nicole Johnson,"Travis Graham and Whitehead,",Aetna,40078.82,326,Urgent,2021-07-17,Paracetamol,Inconclusive,Young Adult (20-35),10,2021,7,July,Oncology
1170,Greg whItE,21,Female,B+,Diabetes,2023-12-21,Michael Mcdaniel,Thomas Ltd,UnitedHealthcare,22757.59,407,Emergency,2024-01-11,Ibuprofen,Abnormal,Young Adult (20-35),21,2023,12,December,Endocrinology
1171,KeNNeth WeEks,56,Female,O+,Arthritis,2021-01-30,John Dixon,LLC Allen,Medicare,9028.98,102,Emergency,2021-02-26,Aspirin,Abnormal,Middle Age (51-65),27,2021,1,January,Orthopedics
1172,jESse YOrk,20,Male,O+,Diabetes,2022-07-06,James Murphy,King Group,Medicare,23436.74,211,Urgent,2022-07-11,Aspirin,Inconclusive,Young Adult (20-35),5,2022,7,July,Endocrinology
1173,LEAh stONe,32,Male,AB-,Arthritis,2022-10-12,Jason Hernandez,Lamb-Hansen,Cigna,45177.88,315,Urgent,2022-11-11,Lipitor,Abnormal,Young Adult (20-35),30,2022,10,October,Orthopedics
1174,JEfFReY FergUSON,47,Female,B+,Arthritis,2023-04-26,Lisa Thompson,PLC Haney,Medicare,17353.79,192,Elective,2023-05-16,Penicillin,Abnormal,Adult (36-50),20,2023,4,April,Orthopedics
1175,TRAVIS rOMAn,47,Female,B-,Cancer,2020-02-06,Tanya Gutierrez,Moss-Jones,Medicare,16670.01,107,Urgent,2020-02-14,Aspirin,Normal,Adult (36-50),8,2020,2,February,Oncology
1176,aSHLEy SAlaZAr,79,Female,AB-,Obesity,2019-09-21,Christopher Stevens,"Meyer Bishop and Wallace,",Aetna,22059.36,359,Urgent,2019-10-06,Ibuprofen,Inconclusive,Senior (65+),15,2019,9,September,Endocrinology
1177,DAVid mIraNDa,48,Female,B+,Cancer,2020-03-11,Anne Alvarez,Black and Sons,Aetna,34934.94,458,Emergency,2020-03-14,Paracetamol,Abnormal,Adult (36-50),3,2020,3,March,Oncology
1178,aNgela sUlLIVaN,44,Male,B+,Cancer,2022-04-30,Sonya Fletcher,Davis-Bell,Medicare,45625.24,440,Urgent,2022-05-12,Ibuprofen,Inconclusive,Adult (36-50),12,2022,4,April,Oncology
1179,asHlEY bell,42,Male,AB-,Arthritis,2020-04-09,Donald Maynard,"Hill, Murphy and Stewart",Blue Cross,11641.63,396,Emergency,2020-04-11,Penicillin,Inconclusive,Adult (36-50),2,2020,4,April,Orthopedics
1180,mrs. sabrInA mOrEnO,78,Female,A+,Diabetes,2020-10-05,Jessica Byrd,"Bryant and Thomas, Smith",Aetna,16267.13,253,Elective,2020-10-14,Paracetamol,Normal,Senior (65+),9,2020,10,October,Endocrinology
1181,CraiG cLaRkE,39,Female,O+,Asthma,2019-12-28,George Thompson,Sons and Dawson,Aetna,48038.22,107,Elective,2020-01-05,Aspirin,Normal,Adult (36-50),8,2019,12,December,Pulmonology
1182,keLLy HIlL,67,Female,AB-,Asthma,2023-09-05,Lisa Small,"Paul Watts and Perkins,",Blue Cross,33118.53,236,Emergency,2023-09-14,Paracetamol,Inconclusive,Senior (65+),9,2023,9,September,Pulmonology
1183,aaROn WEAvEr,40,Female,AB-,Obesity,2022-08-12,Tonya Dodson,Williams-Gordon,Blue Cross,28087.59,245,Urgent,2022-09-01,Paracetamol,Normal,Adult (36-50),20,2022,8,August,Endocrinology
1184,gEoRge mason,30,Female,AB-,Diabetes,2024-02-17,William Scott,"and Chapman Payne, Werner",Medicare,42500.59,142,Emergency,2024-02-18,Penicillin,Abnormal,Young Adult (20-35),1,2024,2,February,Endocrinology
1185,JOnaTHan HODges,69,Female,B+,Asthma,2019-05-21,Robert Evans,"Thomas, Green and Barron",Cigna,47980.92,181,Urgent,2019-06-18,Ibuprofen,Inconclusive,Senior (65+),28,2019,5,May,Pulmonology
1186,FelicIa YAng,29,Female,A-,Arthritis,2019-11-30,Francis Stout,Lambert-Brandt,UnitedHealthcare,27191.42,433,Emergency,2019-12-22,Penicillin,Normal,Young Adult (20-35),22,2019,11,November,Orthopedics
1187,SaraH MilLer,82,Male,B-,Diabetes,2023-01-29,Jasmine Jimenez,Group Sparks,Medicare,11425.89,237,Elective,2023-02-04,Penicillin,Inconclusive,Senior (65+),6,2023,1,January,Endocrinology
1188,vInCent RAY,56,Male,A-,Cancer,2019-06-21,Robert Martinez,Inc Swanson,Blue Cross,30414.77,310,Urgent,2019-07-11,Ibuprofen,Abnormal,Middle Age (51-65),20,2019,6,June,Oncology
1189,JAMie CollINs,84,Male,B-,Asthma,2023-06-17,Nathaniel Williams,"Mclaughlin, and Tucker Francis",Aetna,7566.86,435,Urgent,2023-07-17,Penicillin,Normal,Senior (65+),30,2023,6,June,Pulmonology
1190,aMANdA CUmMINGS,43,Female,B-,Obesity,2022-07-24,Michelle Shepard,Inc Copeland,UnitedHealthcare,34815.75,120,Emergency,2022-07-28,Aspirin,Normal,Adult (36-50),4,2022,7,July,Endocrinology
1191,RAChEl SWanSON,79,Female,AB-,Arthritis,2022-01-28,Andrea Mitchell,Ltd Smith,Medicare,18609.9,127,Elective,2022-02-18,Lipitor,Inconclusive,Senior (65+),21,2022,1,January,Orthopedics
1192,nICoLE kNiGhT,22,Female,B+,Arthritis,2022-07-31,Marie Glass,Brown LLC,UnitedHealthcare,25233.89,194,Elective,2022-08-28,Lipitor,Inconclusive,Young Adult (20-35),28,2022,7,July,Orthopedics
1193,mIChAel mAnN,73,Male,B+,Cancer,2023-05-05,Ryan Fisher,"Hodges Brown, Munoz and",Blue Cross,12339.96,135,Elective,2023-05-28,Aspirin,Inconclusive,Senior (65+),23,2023,5,May,Oncology
1194,wiLliAm ROGERS,84,Male,A-,Asthma,2020-08-31,Heather Petty,Robinson-Ritter,Cigna,38440.93,192,Urgent,2020-09-28,Lipitor,Inconclusive,Senior (65+),28,2020,8,August,Pulmonology
1195,MelAnIE mITCHEll,49,Male,A-,Obesity,2022-05-13,Nicole Stevenson,"Green, Howell and Jordan",Aetna,7147.97,140,Emergency,2022-06-05,Paracetamol,Normal,Adult (36-50),23,2022,5,May,Endocrinology
1196,Steven ROBiNson,54,Male,AB+,Cancer,2019-12-04,Monica Costa,PLC Garcia,Aetna,24755.03,155,Emergency,2019-12-30,Paracetamol,Inconclusive,Middle Age (51-65),26,2019,12,December,Oncology
1197,BrIaN gEOrGe,59,Male,B-,Cancer,2023-04-06,Joseph Copeland,"Fox, and Lucas Cain",Medicare,39553.12,376,Emergency,2023-04-21,Aspirin,Abnormal,Middle Age (51-65),15,2023,4,April,Oncology
1198,ToNy haRrisoN,55,Male,B+,Hypertension,2022-10-08,Daniel Mayer,and Lee Sons,Medicare,48590.77,368,Urgent,2022-11-06,Penicillin,Inconclusive,Middle Age (51-65),29,2022,10,October,Cardiology
1199,elaINe gUZMAn,27,Male,A-,Asthma,2023-07-22,Christian Allen,Petty-Lloyd,Medicare,32806.49,195,Elective,2023-08-11,Paracetamol,Normal,Young Adult (20-35),20,2023,7,July,Pulmonology
1200,MiCHeLLE lAne,38,Male,O+,Cancer,2021-10-19,Amy Gonzales,Kelly PLC,Aetna,18647.82,324,Urgent,2021-11-01,Penicillin,Normal,Adult (36-50),13,2021,10,October,Oncology
1201,JaSon sMitH,55,Female,B+,Arthritis,2021-12-05,Tracy Sandoval,Conley-Wood,UnitedHealthcare,50378.3,155,Emergency,2021-12-11,Ibuprofen,Normal,Middle Age (51-65),6,2021,12,December,Orthopedics
1202,jaNIce MooRE,46,Male,A-,Diabetes,2023-09-24,Daniel James,Choi PLC,Medicare,31263.33,179,Emergency,2023-10-06,Ibuprofen,Normal,Adult (36-50),12,2023,9,September,Endocrinology
1203,jeNnIfeR HayES,40,Female,A+,Hypertension,2021-12-03,Kerry Johnson,Yu-Bryant,Aetna,14273.01,212,Urgent,2021-12-14,Lipitor,Inconclusive,Adult (36-50),11,2021,12,December,Cardiology
1204,PhILlIp eSpinoZA,21,Male,A+,Arthritis,2020-02-06,Brian Strong,LLC Chavez,UnitedHealthcare,20549.26,422,Elective,2020-02-16,Aspirin,Inconclusive,Young Adult (20-35),10,2020,2,February,Orthopedics
1205,charLENe BrowN MD,81,Male,O-,Hypertension,2023-07-30,Christopher Barnes,"Mills and Young, Perry",Cigna,48799.39,102,Emergency,2023-08-11,Paracetamol,Inconclusive,Senior (65+),12,2023,7,July,Cardiology
1206,THoMAs EricKSon,40,Female,O-,Hypertension,2020-03-25,Adam Gray,Sims-Castro,Cigna,16572.9,252,Emergency,2020-04-07,Aspirin,Inconclusive,Adult (36-50),13,2020,3,March,Cardiology
1207,jEROmE DAY,60,Male,O-,Arthritis,2021-02-25,Michael Thomas,Gonzalez LLC,Medicare,4224.22,353,Urgent,2021-03-15,Paracetamol,Normal,Middle Age (51-65),18,2021,2,February,Orthopedics
1208,ALEjandro khaN,58,Female,B+,Hypertension,2020-10-25,Reginald Williams,"Hall and Montgomery King,",Blue Cross,39053.05,131,Elective,2020-11-14,Paracetamol,Abnormal,Middle Age (51-65),20,2020,10,October,Cardiology
1209,lauriE cOLe,54,Male,A+,Asthma,2021-08-07,Ryan Tran,Ingram-Collins,Aetna,35554.17,116,Elective,2021-08-26,Lipitor,Abnormal,Middle Age (51-65),19,2021,8,August,Pulmonology
1210,bILL waLKER,60,Male,A+,Diabetes,2023-01-21,Lauren Hines,Watkins Group,Aetna,7613.45,448,Urgent,2023-02-07,Penicillin,Normal,Middle Age (51-65),17,2023,1,January,Endocrinology
1211,aLEXaNdEr cErvANtEs,52,Female,O+,Diabetes,2023-07-30,Jerry Farley,Group Smith,Blue Cross,18798.12,121,Urgent,2023-08-23,Penicillin,Normal,Middle Age (51-65),24,2023,7,July,Endocrinology
1212,maNuEl knight,49,Male,A+,Obesity,2023-09-25,Cameron Smith,Carpenter PLC,Blue Cross,35740.55,390,Elective,2023-10-04,Ibuprofen,Abnormal,Adult (36-50),9,2023,9,September,Endocrinology
1213,aarOn siMMonS,38,Male,B+,Diabetes,2020-03-29,Kelly Spencer,Sons and Davis,Aetna,15415.39,153,Emergency,2020-04-19,Aspirin,Abnormal,Adult (36-50),21,2020,3,March,Endocrinology
1214,SAndY geOrgE,55,Female,B+,Diabetes,2023-08-10,Michael Russell,"Ellis, and Smith Black",UnitedHealthcare,18628.7,323,Emergency,2023-08-30,Aspirin,Normal,Middle Age (51-65),20,2023,8,August,Endocrinology
1215,auStIN AnDerSoN,59,Female,B-,Cancer,2023-06-04,Stephen Davis,Aguilar-Moreno,Medicare,30451.24,152,Urgent,2023-06-20,Lipitor,Abnormal,Middle Age (51-65),16,2023,6,June,Oncology
1216,SHarON fReeMAN,72,Female,O-,Obesity,2021-03-26,Joseph Lee,Inc Howard,Blue Cross,5471.73,321,Emergency,2021-04-25,Lipitor,Inconclusive,Senior (65+),30,2021,3,March,Endocrinology
1217,GarY WiLsOn,55,Female,B+,Arthritis,2020-11-15,Krista Hess,Goodwin-Lawrence,Medicare,22348.11,244,Emergency,2020-12-06,Penicillin,Inconclusive,Middle Age (51-65),21,2020,11,November,Orthopedics
1218,REbecca JOnES,85,Male,B-,Arthritis,2019-05-12,Eddie Williams,PLC Hoffman,Blue Cross,36307.54,306,Urgent,2019-05-16,Lipitor,Inconclusive,Senior (65+),4,2019,5,May,Orthopedics
1219,Craig WYaTt,18,Female,AB-,Arthritis,2019-05-20,Ellen Brown,Acosta Group,Cigna,37941.38,145,Urgent,2019-06-15,Aspirin,Abnormal,Teen (13-19),26,2019,5,May,Orthopedics
1220,AmAnda diXoN,58,Female,A-,Cancer,2024-01-03,Stefanie Martinez,"Murray, Gilbert and Crawford",Medicare,15648.79,498,Elective,2024-01-26,Aspirin,Abnormal,Middle Age (51-65),23,2024,1,January,Oncology
1221,CLaYTOn hoffmAn,76,Male,B+,Arthritis,2020-05-17,Lauren Stevens,Group Blake,Aetna,14572.2,134,Emergency,2020-05-23,Penicillin,Normal,Senior (65+),6,2020,5,May,Orthopedics
1222,LiNDsEY chErRY,82,Female,O+,Hypertension,2022-10-03,Jacob Soto,"Price, Neal and Mcpherson",Cigna,35789.99,474,Elective,2022-10-31,Penicillin,Inconclusive,Senior (65+),28,2022,10,October,Cardiology
1223,joRDAN ValDEz,66,Female,O-,Asthma,2020-09-24,Lisa Carrillo,Group Davis,Cigna,26911.22,249,Elective,2020-09-26,Paracetamol,Normal,Senior (65+),2,2020,9,September,Pulmonology
1224,MIsTy CLaRK,84,Female,B-,Diabetes,2019-10-12,Heather Santiago,"Sellers and Nelson, Anderson",Blue Cross,37571.38,275,Urgent,2019-10-31,Penicillin,Normal,Senior (65+),19,2019,10,October,Endocrinology
1225,ReBecca fULLEr,62,Male,A+,Obesity,2022-03-11,Janet Holt,Gordon-Foster,Blue Cross,17370.83,281,Urgent,2022-03-28,Penicillin,Normal,Middle Age (51-65),17,2022,3,March,Endocrinology
1226,joHN loPeZ,38,Male,AB-,Obesity,2021-11-03,Danielle Turner,Boyd Ltd,Cigna,35489.46,353,Elective,2021-12-03,Penicillin,Normal,Adult (36-50),30,2021,11,November,Endocrinology
1227,ChRiSTINa WiLlIAMS,70,Male,A+,Obesity,2023-01-21,Amanda Grant,Cole Inc,UnitedHealthcare,47443.61,194,Emergency,2023-02-14,Aspirin,Abnormal,Senior (65+),24,2023,1,January,Endocrinology
1228,LaUREn fRieDMAN,63,Male,B-,Obesity,2020-02-14,Jeffrey Wilkinson,Matthews Group,UnitedHealthcare,49376.06,147,Elective,2020-03-02,Aspirin,Inconclusive,Middle Age (51-65),17,2020,2,February,Endocrinology
1229,anDreA MorGAN,27,Female,AB-,Asthma,2023-08-17,Dr. Michael Peters,PLC Clarke,Medicare,27601.55,228,Urgent,2023-08-19,Penicillin,Normal,Young Adult (20-35),2,2023,8,August,Pulmonology
1230,aNGeLA GIlBErT,29,Female,O+,Hypertension,2020-08-30,Christopher Griffin,Graham-Smith,Medicare,20455.46,283,Elective,2020-09-01,Lipitor,Abnormal,Young Adult (20-35),2,2020,8,August,Cardiology
1231,FAitH fOstER,65,Female,A+,Obesity,2020-05-06,Daniel Lucero,Reynolds and Sons,Aetna,11492.79,116,Emergency,2020-05-15,Lipitor,Inconclusive,Middle Age (51-65),9,2020,5,May,Endocrinology
1232,TaNNer BUrGesS,26,Female,B+,Hypertension,2024-03-25,Eileen Sanchez,Adams-Kim,UnitedHealthcare,46094.98,452,Elective,2024-03-30,Penicillin,Abnormal,Young Adult (20-35),5,2024,3,March,Cardiology
1233,EliZabeTh TAyLoR,53,Male,B-,Cancer,2020-11-08,Mitchell Kerr,Sons and Good,Blue Cross,17616.1,219,Elective,2020-11-16,Paracetamol,Normal,Middle Age (51-65),8,2020,11,November,Oncology
1234,eLIZAbEth huNt,46,Female,A-,Cancer,2019-09-09,Amanda Simmons,"Howell, Young Potts and",Medicare,46961.58,185,Urgent,2019-09-23,Paracetamol,Normal,Adult (36-50),14,2019,9,September,Oncology
1235,EriN ryAn,25,Male,B+,Asthma,2019-05-29,Thomas Jenkins,"Martinez, Reed Watts and",Medicare,21951.54,497,Emergency,2019-06-27,Ibuprofen,Abnormal,Young Adult (20-35),29,2019,5,May,Pulmonology
1236,MR. CODy NAvArrO,18,Male,A+,Cancer,2021-02-22,David Chan,LLC Massey,Medicare,29003.54,325,Elective,2021-03-16,Ibuprofen,Inconclusive,Teen (13-19),22,2021,2,February,Oncology
1237,LAUrIe garcIa,67,Female,B-,Obesity,2021-05-01,Bruce Moss,Lewis-Fletcher,UnitedHealthcare,18561.27,411,Emergency,2021-05-26,Ibuprofen,Inconclusive,Senior (65+),25,2021,5,May,Endocrinology
1238,DeviN sheLtoN,25,Female,B-,Cancer,2022-05-04,Jamie Williamson,"and Harmon Brown, Cabrera",Medicare,50081.13,318,Elective,2022-05-17,Ibuprofen,Normal,Young Adult (20-35),13,2022,5,May,Oncology
1239,oSCar nElSOn,24,Male,AB+,Obesity,2023-06-27,Crystal Schwartz,Wagner LLC,Cigna,39018.77,176,Emergency,2023-07-09,Ibuprofen,Abnormal,Young Adult (20-35),12,2023,6,June,Endocrinology
1240,TAYLoR BrOwn,47,Male,AB+,Hypertension,2023-05-05,Sarah Stafford,Inc Johnson,Cigna,20072.0,145,Urgent,2023-05-18,Penicillin,Inconclusive,Adult (36-50),13,2023,5,May,Cardiology
1241,AARon OnEal,69,Male,A-,Asthma,2019-09-22,Anthony Atkins,Inc Taylor,Medicare,30828.63,478,Emergency,2019-09-26,Lipitor,Abnormal,Senior (65+),4,2019,9,September,Pulmonology
1242,JOHN milLer,18,Female,B-,Cancer,2023-10-22,Brenda Clements,Steele-Robinson,Cigna,47337.96,252,Elective,2023-11-16,Paracetamol,Abnormal,Teen (13-19),25,2023,10,October,Oncology
1243,britTAnY waTsoN,53,Male,A+,Hypertension,2021-09-02,Tammy Walker,"Berry and Fischer, Wells",UnitedHealthcare,45053.27,174,Elective,2021-09-09,Paracetamol,Abnormal,Middle Age (51-65),7,2021,9,September,Cardiology
1244,JoHN moORe,45,Male,O-,Obesity,2021-06-30,Brian Hicks III,Benson-Cook,Medicare,32095.93,202,Urgent,2021-07-29,Penicillin,Inconclusive,Adult (36-50),29,2021,6,June,Endocrinology
1245,JosepH lIVIngsTOn,50,Female,AB-,Cancer,2024-01-28,Monica Richardson,Montes-Evans,Blue Cross,12150.47,375,Urgent,2024-02-01,Ibuprofen,Inconclusive,Adult (36-50),4,2024,1,January,Oncology
1246,ANdreW Brooks,51,Female,AB+,Diabetes,2022-05-19,Melissa Tyler,Ortega Ltd,Medicare,43474.52,262,Urgent,2022-05-28,Lipitor,Normal,Middle Age (51-65),9,2022,5,May,Endocrinology
1247,HArold webb,34,Male,B-,Arthritis,2022-09-21,Jessica Hoffman PhD,"and Rose Stewart, Davis",Blue Cross,10830.61,372,Elective,2022-10-08,Paracetamol,Abnormal,Young Adult (20-35),17,2022,9,September,Orthopedics
1248,dOugLAS kIng,80,Male,B-,Arthritis,2020-12-06,Elizabeth Smith,Melendez LLC,Cigna,18251.21,363,Elective,2020-12-11,Paracetamol,Abnormal,Senior (65+),5,2020,12,December,Orthopedics
1249,jESSiCa fRANklIN,19,Female,A-,Obesity,2023-04-07,Heidi Miller,Vazquez-Brown,Medicare,44731.27,381,Urgent,2023-05-05,Ibuprofen,Normal,Teen (13-19),28,2023,4,April,Endocrinology
1250,JOhn HowARD,49,Male,AB-,Diabetes,2022-10-30,Crystal Cortez,Warren-Bowman,Medicare,32574.84,441,Emergency,2022-11-15,Penicillin,Normal,Adult (36-50),16,2022,10,October,Endocrinology
1251,RobyN thOMpson,46,Male,B+,Hypertension,2019-11-12,Anthony Sanchez,"Brown Reed Robinson, and",Cigna,19479.45,280,Urgent,2019-12-05,Paracetamol,Abnormal,Adult (36-50),23,2019,11,November,Cardiology
1252,IsAAc moralES,63,Male,AB-,Arthritis,2020-08-23,Anna Crane,Ltd Peterson,UnitedHealthcare,44981.17,115,Emergency,2020-09-15,Paracetamol,Abnormal,Middle Age (51-65),23,2020,8,August,Orthopedics
1253,jasOn SmiTH,75,Male,AB+,Hypertension,2021-01-11,Mark Adams,Moore-Taylor,UnitedHealthcare,20198.74,176,Elective,2021-01-22,Lipitor,Inconclusive,Senior (65+),11,2021,1,January,Cardiology
1254,dOnnA joHnSON,59,Female,A-,Cancer,2019-10-17,Daniel Molina,Stewart-Dominguez,Cigna,40055.59,465,Urgent,2019-11-08,Lipitor,Abnormal,Middle Age (51-65),22,2019,10,October,Oncology
1255,denise GuERRero,18,Male,A-,Obesity,2019-05-09,Andrea Roach,Lamb-Herrera,Cigna,8906.67,471,Urgent,2019-06-02,Ibuprofen,Normal,Teen (13-19),24,2019,5,May,Endocrinology
1256,dAVid chandLer,68,Male,AB+,Hypertension,2020-06-20,Damon Hayes,and Sons Morrison,Cigna,14590.35,454,Urgent,2020-07-01,Penicillin,Inconclusive,Senior (65+),11,2020,6,June,Cardiology
1257,MiCHeLlE benDeR,72,Male,O-,Cancer,2020-07-21,Vincent Bell,Ellis-Roberson,Medicare,42853.99,140,Emergency,2020-08-18,Ibuprofen,Normal,Senior (65+),28,2020,7,July,Oncology
1258,jessE mOLina,79,Female,AB-,Asthma,2019-05-22,Nicholas Obrien,"and Glover Christensen, Jackson",Cigna,41102.28,105,Emergency,2019-06-07,Penicillin,Normal,Senior (65+),16,2019,5,May,Pulmonology
1259,Rita NelSon,74,Male,B+,Hypertension,2019-09-15,Elijah Potts,"Alvarez Austin Snyder, and",Cigna,21513.53,438,Emergency,2019-10-11,Lipitor,Normal,Senior (65+),26,2019,9,September,Cardiology
1260,JAnET Boyd,56,Male,B+,Diabetes,2019-12-23,Christina Webb,Erickson-Rodriguez,Medicare,37330.16,230,Emergency,2020-01-07,Aspirin,Abnormal,Middle Age (51-65),15,2019,12,December,Endocrinology
1261,cAthErIne wElCh,80,Female,A-,Cancer,2020-07-25,Donna Dunn,"and Daniel Bryan Brown,",Blue Cross,4250.2,334,Urgent,2020-08-11,Paracetamol,Inconclusive,Senior (65+),17,2020,7,July,Oncology
1262,jaSOn daVis,83,Male,AB-,Diabetes,2019-11-15,Sarah Davis,Sons and Sanchez,Medicare,22561.88,216,Emergency,2019-12-07,Aspirin,Abnormal,Senior (65+),22,2019,11,November,Endocrinology
1263,ChRistOPheR reYnolDS,69,Male,B-,Diabetes,2020-09-15,Patty Day,Costa LLC,Cigna,35662.2,256,Elective,2020-09-18,Lipitor,Abnormal,Senior (65+),3,2020,9,September,Endocrinology
1264,LEaH martINez,84,Female,O-,Hypertension,2023-08-08,Matthew Smith,Coleman-Aguilar,Cigna,34961.91,327,Emergency,2023-09-01,Aspirin,Normal,Senior (65+),24,2023,8,August,Cardiology
1265,mIchAeL DUArtE,60,Male,AB-,Asthma,2021-05-23,Christopher Prince,PLC Morrison,UnitedHealthcare,25999.13,322,Elective,2021-06-20,Penicillin,Inconclusive,Middle Age (51-65),28,2021,5,May,Pulmonology
1266,lauRa bAKEr,49,Female,AB-,Asthma,2020-07-22,Glenda Jones,Jones-Graham,UnitedHealthcare,25594.56,258,Urgent,2020-08-12,Ibuprofen,Normal,Adult (36-50),21,2020,7,July,Pulmonology
1267,cHArLeS tHOmPson,63,Male,A+,Cancer,2022-06-01,Raymond Watson,Ltd Brown,Medicare,21380.2,406,Elective,2022-06-21,Lipitor,Inconclusive,Middle Age (51-65),20,2022,6,June,Oncology
1268,juliA wade,21,Male,A-,Diabetes,2024-01-01,Dawn Herman,"Bell and Davis Ross,",Aetna,12063.95,140,Elective,2024-01-14,Lipitor,Normal,Young Adult (20-35),13,2024,1,January,Endocrinology
1269,GLORIA VANCe,28,Female,O+,Asthma,2024-04-25,Mr. Matthew Luna,"Allen Garcia and Wolf,",Medicare,25702.3,376,Elective,2024-05-25,Aspirin,Abnormal,Young Adult (20-35),30,2024,4,April,Pulmonology
1270,JoHn ATKINs,77,Male,O+,Asthma,2019-08-30,Derek Cruz,"Lin Chan, and Moreno",Blue Cross,35252.89,182,Emergency,2019-09-06,Aspirin,Abnormal,Senior (65+),7,2019,8,August,Pulmonology
1271,aNGElA miLlER,34,Male,A-,Cancer,2023-03-03,Daniel Padilla,"Dennis, and Hood Guerra",Medicare,11175.23,248,Urgent,2023-03-22,Paracetamol,Normal,Young Adult (20-35),19,2023,3,March,Oncology
1272,MAriA sUtTon,83,Female,A-,Obesity,2020-01-16,Sydney Garcia,Inc Mercer,Medicare,42510.69,286,Emergency,2020-02-03,Aspirin,Inconclusive,Senior (65+),18,2020,1,January,Endocrinology
1273,laureN tayloR,33,Female,B-,Arthritis,2024-03-15,Alexander Mcintosh,Garrett PLC,UnitedHealthcare,7475.74,373,Elective,2024-03-20,Penicillin,Abnormal,Young Adult (20-35),5,2024,3,March,Orthopedics
1274,erIC PINeDa,39,Male,O+,Diabetes,2022-10-12,Alexandria Harris,Rollins-Garrett,Blue Cross,6117.89,144,Elective,2022-11-06,Aspirin,Normal,Adult (36-50),25,2022,10,October,Endocrinology
1275,DOuGlAS tUrNeR,31,Female,B+,Hypertension,2020-03-01,Jacob Cabrera,"Medina, and Allen Wilkins",Cigna,15092.08,360,Elective,2020-03-06,Lipitor,Abnormal,Young Adult (20-35),5,2020,3,March,Cardiology
1276,dOrOTHY quiNn,75,Female,O+,Hypertension,2022-05-25,Christopher Patel,LLC Smith,Cigna,13354.51,361,Elective,2022-06-02,Ibuprofen,Abnormal,Senior (65+),8,2022,5,May,Cardiology
1277,CHrIstInA DyEr,44,Male,O-,Hypertension,2021-05-04,Matthew Brown,Martin Group,Medicare,9911.68,477,Elective,2021-05-11,Aspirin,Abnormal,Adult (36-50),7,2021,5,May,Cardiology
1278,AlExaNdRIa cOLemaN,43,Female,O+,Hypertension,2023-06-20,Alex Davis,"Hayes and Miller, Sawyer",Blue Cross,37095.59,473,Urgent,2023-06-24,Penicillin,Normal,Adult (36-50),4,2023,6,June,Cardiology
1279,vICToRIa evanS,84,Female,B+,Obesity,2020-01-09,Megan Cohen,"and Phelps Burke Fields,",UnitedHealthcare,20737.64,217,Emergency,2020-02-06,Paracetamol,Inconclusive,Senior (65+),28,2020,1,January,Endocrinology
1280,wILliE maY,21,Female,AB-,Arthritis,2024-01-29,Victoria Horton,Inc Smith,UnitedHealthcare,24809.72,379,Elective,2024-02-20,Penicillin,Abnormal,Young Adult (20-35),22,2024,1,January,Orthopedics
1281,JOsEPH eLLiS,49,Male,A+,Cancer,2021-10-14,Joshua Graham,"and Smith Conway, Byrd",Cigna,31511.12,229,Elective,2021-11-01,Ibuprofen,Inconclusive,Adult (36-50),18,2021,10,October,Oncology
1282,isaAc pEtErson,50,Female,O+,Cancer,2020-01-11,Joseph Johnson,LLC Roberts,UnitedHealthcare,23498.45,351,Elective,2020-02-10,Aspirin,Inconclusive,Adult (36-50),30,2020,1,January,Oncology
1283,wilLiAm baSs,31,Male,B+,Diabetes,2021-08-24,David Lee,Sons Gonzalez and,UnitedHealthcare,21915.78,234,Urgent,2021-08-25,Aspirin,Abnormal,Young Adult (20-35),1,2021,8,August,Endocrinology
1284,MicHaeL EvANS,40,Male,B+,Diabetes,2020-12-07,Michael Thomas,"Johnson Kirby and Richard,",UnitedHealthcare,7868.69,470,Urgent,2020-12-10,Paracetamol,Inconclusive,Adult (36-50),3,2020,12,December,Endocrinology
1285,aNdREW hILL,68,Female,O+,Diabetes,2021-12-13,Wesley Mclaughlin,LLC Ware,Medicare,21747.83,459,Urgent,2022-01-01,Aspirin,Abnormal,Senior (65+),19,2021,12,December,Endocrinology
1286,herbErT jiMEneZ,41,Female,AB-,Cancer,2024-01-03,Jenna Thomas,"Thomas and Nguyen, King",Aetna,26036.67,266,Emergency,2024-01-16,Lipitor,Inconclusive,Adult (36-50),13,2024,1,January,Oncology
1287,saNdrA MuRphy,84,Male,A-,Asthma,2019-11-29,Angela Clayton,Bruce-Thomas,Aetna,27480.24,253,Urgent,2019-12-24,Aspirin,Normal,Senior (65+),25,2019,11,November,Pulmonology
1288,MIcHAEl ElLiotT,70,Male,A-,Asthma,2019-09-08,Jose Wiggins,"Baldwin, and Roberts Ray",Cigna,31266.84,394,Urgent,2019-09-23,Ibuprofen,Normal,Senior (65+),15,2019,9,September,Pulmonology
1289,MArY SaVaGe,30,Female,O+,Arthritis,2021-01-12,Lisa Hart,Horton-Hines,Aetna,36081.22,157,Elective,2021-02-04,Ibuprofen,Abnormal,Young Adult (20-35),23,2021,1,January,Orthopedics
1290,CheRYl FOSTeR,57,Male,O+,Obesity,2020-10-09,Jay Wagner,"and Lewis, Hardy Cooper",Cigna,24346.52,242,Urgent,2020-11-07,Penicillin,Normal,Middle Age (51-65),29,2020,10,October,Endocrinology
1291,mR. DaviD bOweN,63,Male,B-,Cancer,2023-09-24,Justin Joyce,Moore Group,Medicare,4022.2,383,Elective,2023-10-10,Aspirin,Normal,Middle Age (51-65),16,2023,9,September,Oncology
1292,cHRIStoPhEr WIlsON,55,Male,A+,Hypertension,2022-10-04,Nicole Craig,Nelson-Hawkins,Medicare,31632.74,252,Urgent,2022-10-11,Ibuprofen,Normal,Middle Age (51-65),7,2022,10,October,Cardiology
1293,MatTHEW sHANnOn,30,Female,A+,Asthma,2019-06-24,Taylor Gregory,LLC Martinez,Aetna,29806.72,224,Elective,2019-06-25,Paracetamol,Normal,Young Adult (20-35),1,2019,6,June,Pulmonology
1294,jill cUNninGhaM,45,Male,O-,Arthritis,2022-03-22,Mark Potts,Ross LLC,Cigna,5956.23,168,Urgent,2022-04-01,Penicillin,Normal,Adult (36-50),10,2022,3,March,Orthopedics
1295,CHRIStIna bROwN,75,Female,B+,Cancer,2023-04-30,Raven Turner,Graves LLC,Aetna,1493.08,319,Emergency,2023-05-30,Ibuprofen,Normal,Senior (65+),30,2023,4,April,Oncology
1296,connIE pAGe,42,Female,A+,Cancer,2024-02-06,Jeremy Johnson,"Cowan Cardenas Allen, and",UnitedHealthcare,6257.13,259,Elective,2024-02-27,Ibuprofen,Abnormal,Adult (36-50),21,2024,2,February,Oncology
1297,DaViD LopeZ,82,Male,A+,Arthritis,2024-04-09,Lisa Adams,PLC Mann,Aetna,32968.23,308,Emergency,2024-05-01,Aspirin,Normal,Senior (65+),22,2024,4,April,Orthopedics
1298,JAMES wILLIaMs,18,Female,A-,Arthritis,2021-12-01,Paul Hale,Inc Lopez,Medicare,35732.35,241,Urgent,2021-12-18,Penicillin,Abnormal,Teen (13-19),17,2021,12,December,Orthopedics
1299,andreW yANg,58,Female,AB-,Arthritis,2020-10-03,Laura Morrow,LLC Gonzalez,Medicare,13975.27,336,Urgent,2020-10-30,Ibuprofen,Normal,Middle Age (51-65),27,2020,10,October,Orthopedics
1300,maUREen duNn,69,Female,B-,Asthma,2023-01-06,Angela Brown,Lee-White,Aetna,14108.66,279,Elective,2023-01-07,Aspirin,Inconclusive,Senior (65+),1,2023,1,January,Pulmonology
1301,andREw aRnoLd,69,Female,A-,Arthritis,2022-02-25,Amber Martinez,Rodriguez-Beck,Blue Cross,44253.72,498,Urgent,2022-02-26,Paracetamol,Normal,Senior (65+),1,2022,2,February,Orthopedics
1302,MRs. CouRtneY MOore md,47,Male,AB+,Diabetes,2019-09-19,George Gilbert,King-Garza,Cigna,23136.67,426,Emergency,2019-10-01,Penicillin,Normal,Adult (36-50),12,2019,9,September,Endocrinology
1303,RaymoND bRuCe,35,Male,AB+,Diabetes,2020-05-13,Amy Murillo,"and Nelson Blake, Gutierrez",Cigna,38101.63,187,Elective,2020-05-25,Lipitor,Abnormal,Young Adult (20-35),12,2020,5,May,Endocrinology
1304,samaNtHa bateS,44,Male,O-,Hypertension,2019-06-14,Richard Martin,Willis-Dixon,Cigna,24947.59,278,Elective,2019-07-07,Aspirin,Abnormal,Adult (36-50),23,2019,6,June,Cardiology
1305,MaTTheW burNEtT,76,Male,AB-,Diabetes,2021-04-29,Nicole Cunningham,"Arnold, Steele Scott and",UnitedHealthcare,9632.88,369,Urgent,2021-05-16,Lipitor,Inconclusive,Senior (65+),17,2021,4,April,Endocrinology
1306,liNda BUtler,23,Female,O+,Diabetes,2023-11-07,Michael Owens,Sharp-Greer,Medicare,11209.42,452,Emergency,2023-12-05,Lipitor,Abnormal,Young Adult (20-35),28,2023,11,November,Endocrinology
1307,aNgEla WIley,82,Female,A-,Diabetes,2020-05-13,Sharon Jones,"Jones, Valentine Pacheco and",Aetna,15850.21,337,Urgent,2020-06-07,Aspirin,Abnormal,Senior (65+),25,2020,5,May,Endocrinology
1308,AusTIn AndERson,37,Male,AB-,Obesity,2020-07-14,Christopher Burke,Burns LLC,Medicare,28367.19,297,Urgent,2020-07-23,Lipitor,Abnormal,Adult (36-50),9,2020,7,July,Endocrinology
1309,deBorAh gArNer,79,Female,A+,Diabetes,2021-10-12,Brianna Powers,"Floyd and Williams Stephenson,",UnitedHealthcare,49784.89,465,Elective,2021-10-13,Penicillin,Inconclusive,Senior (65+),1,2021,10,October,Endocrinology
1310,eRic sMIth,61,Female,AB-,Obesity,2020-10-23,Mr. Brendan Young,"Smith, Singh and Gonzales",Aetna,16155.88,183,Emergency,2020-11-15,Ibuprofen,Inconclusive,Middle Age (51-65),23,2020,10,October,Endocrinology
1311,CarrIE wHitEHEAD,48,Male,O-,Hypertension,2024-03-03,Pedro Stewart,Smith-Smith,Cigna,5352.55,405,Urgent,2024-03-27,Ibuprofen,Abnormal,Adult (36-50),24,2024,3,March,Cardiology
1312,dOmINIqUE MaLDOnADO,70,Female,A-,Arthritis,2020-03-11,Shelley Miller,"Jenkins, Jenkins and Patterson",Aetna,44693.69,280,Elective,2020-04-07,Paracetamol,Abnormal,Senior (65+),27,2020,3,March,Orthopedics
1313,jorGe singh,37,Female,O+,Diabetes,2023-08-29,Christopher Harris,"Duran Mendoza and Scott,",Medicare,8656.28,193,Emergency,2023-09-08,Penicillin,Normal,Adult (36-50),10,2023,8,August,Endocrinology
1314,jIlL LANe,40,Male,AB-,Obesity,2020-06-17,Kenneth Brown,Frye Group,Aetna,27009.21,287,Emergency,2020-07-05,Paracetamol,Normal,Adult (36-50),18,2020,6,June,Endocrinology
1315,jAMES NGuyEn,39,Female,AB+,Diabetes,2023-02-26,Travis Johnson,Harding-Adams,Medicare,24977.27,461,Urgent,2023-03-28,Lipitor,Inconclusive,Adult (36-50),30,2023,2,February,Endocrinology
1316,dEbbIe sHaw,76,Male,A+,Arthritis,2021-02-08,Michael Mcdowell,Lopez Group,Cigna,12282.28,215,Urgent,2021-02-12,Aspirin,Abnormal,Senior (65+),4,2021,2,February,Orthopedics
1317,emIlY vAldEZ,74,Male,B+,Cancer,2022-01-08,Kathy Murray,Powell Inc,Blue Cross,12989.25,162,Emergency,2022-01-26,Aspirin,Normal,Senior (65+),18,2022,1,January,Oncology
1318,AlEJandRo PiErce,65,Male,B-,Cancer,2023-02-10,Alexander Williams,Duran-Scott,Blue Cross,22805.15,450,Urgent,2023-03-10,Lipitor,Abnormal,Middle Age (51-65),28,2023,2,February,Oncology
1319,oMaR LoPEZ,44,Female,AB-,Diabetes,2020-09-03,Rachel Duran,LLC Fletcher,Medicare,8194.53,297,Emergency,2020-09-24,Penicillin,Abnormal,Adult (36-50),21,2020,9,September,Endocrinology
1320,MArilyN fiGUEroa,80,Female,B-,Hypertension,2019-05-14,Alexandra Howard,Smith-Hicks,Cigna,39605.89,404,Emergency,2019-05-15,Penicillin,Normal,Senior (65+),1,2019,5,May,Cardiology
1321,sArA Green,48,Male,A+,Asthma,2023-06-02,Denise Rivera,LLC Dickerson,Medicare,50838.48,101,Elective,2023-06-27,Lipitor,Abnormal,Adult (36-50),25,2023,6,June,Pulmonology
1322,JeSsicA MilLEr,76,Male,AB-,Hypertension,2023-02-01,Matthew Lopez,Guerrero Group,Aetna,34020.25,309,Urgent,2023-02-28,Ibuprofen,Abnormal,Senior (65+),27,2023,2,February,Cardiology
1323,JoNaTHan gArcIa,65,Female,AB-,Hypertension,2022-10-06,Jason Williams,"and Gardner Torres, Rosario",UnitedHealthcare,43940.14,275,Emergency,2022-10-23,Penicillin,Abnormal,Middle Age (51-65),17,2022,10,October,Cardiology
1324,jOHn ThOmPsoN,52,Male,B+,Diabetes,2024-04-30,Thomas Schwartz,Wilson Sons and,Blue Cross,6789.92,301,Urgent,2024-05-19,Paracetamol,Abnormal,Middle Age (51-65),19,2024,4,April,Endocrinology
1325,clifFoRd belL,19,Male,A-,Arthritis,2020-05-15,Thomas Newton,PLC Rivera,Medicare,12073.33,128,Elective,2020-05-21,Paracetamol,Abnormal,Teen (13-19),6,2020,5,May,Orthopedics
1326,ChARlEs finlEY,26,Male,A-,Diabetes,2024-04-17,Pamela Harris,PLC Holmes,UnitedHealthcare,29283.6,271,Emergency,2024-04-22,Ibuprofen,Normal,Young Adult (20-35),5,2024,4,April,Endocrinology
1327,MrS. MOnICA Craig,31,Female,O-,Obesity,2019-09-17,Sherri Hill,"Taylor Mcintosh and Ross,",Medicare,14265.94,303,Emergency,2019-10-17,Aspirin,Abnormal,Young Adult (20-35),30,2019,9,September,Endocrinology
1328,HEiDI EVaNs,84,Male,A+,Hypertension,2019-06-16,Joseph Cole,Anderson-Miller,Blue Cross,25664.35,482,Emergency,2019-06-30,Lipitor,Inconclusive,Senior (65+),14,2019,6,June,Cardiology
1329,MR. tImOtHY hOwARd,54,Male,A+,Asthma,2021-05-04,Michelle Wheeler,Martin-Terry,Aetna,29245.25,238,Emergency,2021-05-15,Penicillin,Inconclusive,Middle Age (51-65),11,2021,5,May,Pulmonology
1330,MarIO CoX,84,Female,B-,Cancer,2022-01-06,Amy Kennedy,Inc Meyer,Aetna,24557.94,119,Urgent,2022-01-09,Aspirin,Normal,Senior (65+),3,2022,1,January,Oncology
1331,lUIs BarNES,82,Male,O-,Diabetes,2020-08-12,Dustin Mcdaniel,PLC Phillips,Aetna,23437.3,120,Emergency,2020-09-07,Penicillin,Inconclusive,Senior (65+),26,2020,8,August,Endocrinology
1332,SydNeY tuCker,22,Female,AB+,Hypertension,2022-09-21,Angela Melton,"Schneider and Hopkins Oconnor,",UnitedHealthcare,12074.07,220,Urgent,2022-09-29,Ibuprofen,Abnormal,Young Adult (20-35),8,2022,9,September,Cardiology
1333,andre HArVEy,76,Male,AB-,Arthritis,2022-10-04,Kathleen Davis,Bauer Inc,UnitedHealthcare,26434.27,354,Urgent,2022-10-07,Lipitor,Normal,Senior (65+),3,2022,10,October,Orthopedics
1334,KIMBErly vasqueZ,26,Male,A-,Obesity,2023-10-23,Jennifer Bennett,Cowan Inc,UnitedHealthcare,38142.11,313,Urgent,2023-11-18,Penicillin,Abnormal,Young Adult (20-35),26,2023,10,October,Endocrinology
1335,beNjAmIn KErR,77,Male,B+,Asthma,2022-07-04,John Bush,Burns-Callahan,Medicare,3825.09,425,Elective,2022-07-30,Lipitor,Normal,Senior (65+),26,2022,7,July,Pulmonology
1336,ALeXIS sImMoNs,77,Female,A-,Obesity,2022-03-31,Sheila Schwartz,Moore-Smith,Cigna,28157.62,379,Emergency,2022-04-21,Aspirin,Inconclusive,Senior (65+),21,2022,3,March,Endocrinology
1337,DAvid HEnsleY,43,Male,AB+,Hypertension,2020-03-03,Mrs. Stephanie Miller,"Taylor Johnson, Beasley and",Medicare,44211.02,324,Urgent,2020-03-15,Ibuprofen,Abnormal,Adult (36-50),12,2020,3,March,Cardiology
1338,CHrIstinE DYEr,18,Female,O+,Hypertension,2021-01-08,Mike Carter,"Young Wright Davis, and",Aetna,21072.77,189,Elective,2021-01-28,Paracetamol,Inconclusive,Teen (13-19),20,2021,1,January,Cardiology
1339,sHari wIllIaMs,71,Male,B+,Diabetes,2021-08-17,Eric Haynes,"Wood and Murphy Jones,",Aetna,25100.38,110,Emergency,2021-09-07,Ibuprofen,Normal,Senior (65+),21,2021,8,August,Endocrinology
1340,tammy jaCKSon,77,Male,A-,Hypertension,2024-02-14,Victoria Cox,"Gonzalez and Stevens Ruiz,",Medicare,34006.63,411,Urgent,2024-02-18,Paracetamol,Abnormal,Senior (65+),4,2024,2,February,Cardiology
1341,KiMBErLy cRawFOrd,34,Male,AB-,Hypertension,2021-07-08,Kimberly Bernard,Willis-Mcgee,Cigna,15343.04,450,Emergency,2021-07-21,Paracetamol,Normal,Young Adult (20-35),13,2021,7,July,Cardiology
1342,dONnA smitH,63,Male,B+,Diabetes,2019-08-29,Bob Vega,Williams-Meza,Medicare,39934.84,212,Urgent,2019-09-21,Ibuprofen,Abnormal,Middle Age (51-65),23,2019,8,August,Endocrinology
1343,TAylOr pEteRSEn,77,Male,A+,Obesity,2023-07-20,Ryan Porter,"King Weiss, and West",Aetna,42829.63,193,Urgent,2023-08-14,Lipitor,Abnormal,Senior (65+),25,2023,7,July,Endocrinology
1344,CHriS sTEVeNsON,70,Male,A-,Diabetes,2019-10-10,Deborah Mccarthy,Benson PLC,Blue Cross,26499.42,116,Urgent,2019-10-27,Aspirin,Normal,Senior (65+),17,2019,10,October,Endocrinology
1345,LesLIe CoLlins,26,Male,O-,Hypertension,2019-11-12,Gail Armstrong,"Morgan and Wilcox Barnett,",Blue Cross,47839.77,199,Urgent,2019-11-16,Penicillin,Normal,Young Adult (20-35),4,2019,11,November,Cardiology
1346,DEBORaH moORE,36,Male,O+,Asthma,2020-03-09,Angela Massey,Rubio LLC,UnitedHealthcare,45412.66,352,Emergency,2020-04-03,Paracetamol,Abnormal,Adult (36-50),25,2020,3,March,Pulmonology
1347,JAMeS hOrtOn,68,Female,A+,Hypertension,2021-08-23,Ana Thomas,"Lee Chambers, and Foley",Medicare,45476.56,473,Emergency,2021-09-18,Penicillin,Abnormal,Senior (65+),26,2021,8,August,Cardiology
1348,kArLa CrAWFoRd,51,Male,O+,Asthma,2023-10-10,Ian Davenport,Hurley Ltd,UnitedHealthcare,44926.67,453,Emergency,2023-10-15,Paracetamol,Inconclusive,Middle Age (51-65),5,2023,10,October,Pulmonology
1349,PetEr spENcer,46,Female,O-,Arthritis,2021-03-10,Michelle Clark,PLC Trujillo,Aetna,8017.51,104,Urgent,2021-03-12,Lipitor,Abnormal,Adult (36-50),2,2021,3,March,Orthopedics
1350,lIsA McCLure,58,Male,A-,Arthritis,2022-09-07,James Chen,Henson-Harmon,UnitedHealthcare,27565.26,414,Emergency,2022-09-29,Paracetamol,Normal,Middle Age (51-65),22,2022,9,September,Orthopedics
1351,mARilYN TRAn,38,Female,AB-,Hypertension,2023-07-04,Vanessa Mclaughlin,Jacobs-Howell,Cigna,44442.61,456,Emergency,2023-07-17,Ibuprofen,Abnormal,Adult (36-50),13,2023,7,July,Cardiology
1352,niCOLe hARRison,55,Female,O+,Arthritis,2022-06-21,Allen Mcintosh,Williams PLC,Cigna,27643.32,183,Elective,2022-06-28,Aspirin,Normal,Middle Age (51-65),7,2022,6,June,Orthopedics
1353,cHad MAldOnadO,77,Male,O-,Cancer,2019-07-05,Briana Pittman,Martin PLC,Aetna,27530.23,491,Elective,2019-07-15,Paracetamol,Inconclusive,Senior (65+),10,2019,7,July,Oncology
1354,ARiaNa brOWN,72,Female,B+,Hypertension,2020-02-10,Ronald Crawford,"Mata Norman, Holmes and",Aetna,47601.55,384,Emergency,2020-02-14,Lipitor,Inconclusive,Senior (65+),4,2020,2,February,Cardiology
1355,Robert DUnN,26,Female,B+,Arthritis,2022-09-12,David Taylor,Brown LLC,Aetna,36680.27,162,Urgent,2022-09-19,Paracetamol,Inconclusive,Young Adult (20-35),7,2022,9,September,Orthopedics
1356,tEReSA HARriSOn,29,Female,O-,Asthma,2021-06-14,Brandon Crawford,Ward-Crosby,Medicare,29560.99,363,Urgent,2021-07-01,Penicillin,Normal,Young Adult (20-35),17,2021,6,June,Pulmonology
1357,ThOMAS arNold,85,Female,A-,Cancer,2021-02-09,Jordan Martinez,Wong-Booth,Blue Cross,49121.41,281,Urgent,2021-03-09,Penicillin,Inconclusive,Senior (65+),28,2021,2,February,Oncology
1358,crYstAl simPSon,37,Female,A+,Cancer,2023-11-16,Sara Simmons,"and Valencia Flores, Byrd",Blue Cross,35722.02,257,Emergency,2023-12-03,Paracetamol,Inconclusive,Adult (36-50),17,2023,11,November,Oncology
1359,gEORGe PHILlIPS,69,Female,A-,Asthma,2021-03-21,Timothy Guerra,Collins-Gutierrez,UnitedHealthcare,11202.35,145,Elective,2021-03-25,Aspirin,Abnormal,Senior (65+),4,2021,3,March,Pulmonology
1360,jEFfREY gUtierREz,27,Male,B-,Diabetes,2021-06-23,Sara Thomas,"Cameron Black Davis, and",Medicare,31555.5,403,Urgent,2021-07-23,Aspirin,Normal,Young Adult (20-35),30,2021,6,June,Endocrinology
1361,PAUL maCK,77,Male,B+,Obesity,2023-05-14,Brian Holmes,Group Rivera,Medicare,44075.25,288,Urgent,2023-05-27,Penicillin,Abnormal,Senior (65+),13,2023,5,May,Endocrinology
1362,kIMBeRLy rAmirez,55,Female,B-,Obesity,2024-02-01,Robert Wyatt,PLC Davis,UnitedHealthcare,26408.47,236,Elective,2024-02-21,Paracetamol,Abnormal,Middle Age (51-65),20,2024,2,February,Endocrinology
1363,sArah viLLaRReaL,75,Male,O+,Arthritis,2023-06-20,Jacob Deleon,Ltd Taylor,Medicare,43770.12,193,Emergency,2023-07-08,Lipitor,Abnormal,Senior (65+),18,2023,6,June,Orthopedics
1364,CHLoe hUNT,74,Female,O-,Asthma,2019-12-05,Craig Hunt,"Anderson, Smith Smith and",Aetna,3353.64,406,Emergency,2019-12-06,Lipitor,Abnormal,Senior (65+),1,2019,12,December,Pulmonology
1365,Heidi POpe,38,Male,B+,Asthma,2021-11-22,Wanda Sanchez,"and Walker Smith Cannon,",Aetna,34469.85,255,Emergency,2021-12-02,Ibuprofen,Abnormal,Adult (36-50),10,2021,11,November,Pulmonology
1366,megAn GRaY,61,Male,AB-,Asthma,2023-07-29,Scott Kennedy,Williams LLC,Medicare,30304.56,273,Emergency,2023-08-14,Ibuprofen,Normal,Middle Age (51-65),16,2023,7,July,Pulmonology
1367,SANdra SotO,38,Female,AB+,Obesity,2019-05-24,Cynthia Sexton,Ayers-Alvarez,Cigna,20022.79,301,Urgent,2019-06-16,Paracetamol,Inconclusive,Adult (36-50),23,2019,5,May,Endocrinology
1368,brenda LE,28,Male,A+,Cancer,2020-10-27,Julian Hernandez,"Walsh Alexander, and Dennis",Aetna,19993.54,168,Emergency,2020-11-11,Penicillin,Normal,Young Adult (20-35),15,2020,10,October,Oncology
1369,Lori riVaS,65,Male,A-,Obesity,2020-09-18,Robin Schwartz,Nelson PLC,UnitedHealthcare,29921.44,369,Elective,2020-10-09,Ibuprofen,Normal,Middle Age (51-65),21,2020,9,September,Endocrinology
1370,rOGEr HaMiLtOn,44,Female,O-,Arthritis,2020-05-16,Luis Franklin,Group Kim,Cigna,36508.85,304,Elective,2020-05-26,Lipitor,Normal,Adult (36-50),10,2020,5,May,Orthopedics
1371,MelissA WaLleR,58,Male,B-,Obesity,2020-05-15,Alejandro Pearson,Hess Sons and,Aetna,26697.18,355,Urgent,2020-06-11,Aspirin,Abnormal,Middle Age (51-65),27,2020,5,May,Endocrinology
1372,daRRYl wiLliaMs,38,Female,AB+,Obesity,2021-06-26,Mary Jackson,"Cardenas, and Fields Nichols",Blue Cross,4289.03,441,Elective,2021-06-30,Ibuprofen,Inconclusive,Adult (36-50),4,2021,6,June,Endocrinology
1373,mOnIca wALKeR,49,Female,A-,Asthma,2021-02-10,Samantha Eaton,"Fisher Kirk, and Becker",Cigna,34804.88,456,Urgent,2021-02-16,Ibuprofen,Abnormal,Adult (36-50),6,2021,2,February,Pulmonology
1374,tERESa CampbELL,35,Female,A-,Obesity,2020-05-23,Brian Hobbs,Jenkins-Jackson,Cigna,2280.74,210,Urgent,2020-06-22,Lipitor,Abnormal,Young Adult (20-35),30,2020,5,May,Endocrinology
1375,frEDeriCK MCiNtOsh,45,Female,O+,Cancer,2020-09-23,Chris May,"Jackson Hammond and Garcia,",UnitedHealthcare,3290.15,208,Elective,2020-10-16,Ibuprofen,Normal,Adult (36-50),23,2020,9,September,Oncology
1376,DeBRa hArriS,41,Male,A-,Arthritis,2023-06-23,Mary Richardson,Inc Miller,Blue Cross,44839.31,138,Emergency,2023-06-27,Penicillin,Abnormal,Adult (36-50),4,2023,6,June,Orthopedics
1377,ChAd GrEEn,77,Female,A+,Hypertension,2021-10-21,David Moore,LLC Smith,Medicare,15018.44,473,Elective,2021-10-24,Aspirin,Abnormal,Senior (65+),3,2021,10,October,Cardiology
1378,TErRy mARTIn,66,Female,O+,Hypertension,2022-09-27,Karen Oconnor,Schroeder-Walker,Cigna,23094.18,384,Urgent,2022-10-05,Ibuprofen,Abnormal,Senior (65+),8,2022,9,September,Cardiology
1379,madISon PAlmEr,72,Female,A+,Arthritis,2020-11-12,Tasha Meyer,"Mcguire and Wheeler, Morris",Aetna,49032.03,128,Urgent,2020-12-09,Ibuprofen,Normal,Senior (65+),27,2020,11,November,Orthopedics
1380,MIchaEl JONes,85,Female,A+,Asthma,2023-10-30,Jose Smith,Washington-Sanchez,Cigna,27783.87,326,Urgent,2023-11-25,Penicillin,Inconclusive,Senior (65+),26,2023,10,October,Pulmonology
1381,mICHAEL nEwMAn,52,Male,A+,Diabetes,2022-01-20,Janet Elliott,Dawson-Baker,Medicare,16660.53,409,Urgent,2022-02-15,Paracetamol,Inconclusive,Middle Age (51-65),26,2022,1,January,Endocrinology
1382,LindSEY tURNeR,78,Male,B+,Cancer,2021-12-14,Paul Harding,LLC Perez,Aetna,28921.59,359,Emergency,2022-01-05,Lipitor,Abnormal,Senior (65+),22,2021,12,December,Oncology
1383,NIcoLE HaLL,55,Female,A+,Arthritis,2022-04-13,Mr. Zachary Williams,Sons and Olson,Aetna,27100.22,397,Elective,2022-04-22,Ibuprofen,Inconclusive,Middle Age (51-65),9,2022,4,April,Orthopedics
1384,LeSlie rotH,19,Male,B-,Obesity,2024-03-27,Troy Williams,Bell-Thomas,Blue Cross,37309.35,431,Emergency,2024-03-31,Penicillin,Inconclusive,Teen (13-19),4,2024,3,March,Endocrinology
1385,rOBert ROBeRtS,47,Male,A-,Cancer,2024-03-18,Dennis Cabrera,Thompson-Thomas,Cigna,23995.15,302,Urgent,2024-03-21,Aspirin,Inconclusive,Adult (36-50),3,2024,3,March,Oncology
1386,ERic TorRES,41,Female,B+,Arthritis,2023-01-06,Cassidy Thompson,"Kelly Johnson, Parker and",UnitedHealthcare,43882.3,434,Elective,2023-01-28,Aspirin,Normal,Adult (36-50),22,2023,1,January,Orthopedics
1387,REbecCA moore,36,Female,O+,Cancer,2019-09-03,Michelle Perez,"Tanner Smith Miller, and",UnitedHealthcare,21561.77,127,Urgent,2019-09-05,Lipitor,Abnormal,Adult (36-50),2,2019,9,September,Oncology
1388,STEve goODMAN,77,Female,O+,Asthma,2023-02-09,Joy Lewis,"Johnson and Doyle, Collins",Blue Cross,44206.13,169,Emergency,2023-03-03,Paracetamol,Normal,Senior (65+),22,2023,2,February,Pulmonology
1389,TErESa StRong,55,Male,B-,Hypertension,2022-03-31,Candice Cardenas,Inc Taylor,Blue Cross,17463.24,329,Urgent,2022-04-03,Aspirin,Normal,Middle Age (51-65),3,2022,3,March,Cardiology
1390,BRaNdon SMiTh,50,Female,AB-,Obesity,2019-12-15,Melanie Cook,Inc Williams,Aetna,45885.55,427,Emergency,2020-01-05,Aspirin,Inconclusive,Adult (36-50),21,2019,12,December,Endocrinology
1391,MoNiCA WhITe,72,Female,AB-,Arthritis,2022-03-12,Theodore Ramos,King-Henry,UnitedHealthcare,7538.41,340,Urgent,2022-03-20,Ibuprofen,Abnormal,Senior (65+),8,2022,3,March,Orthopedics
1392,saRa HARRIs,58,Male,AB+,Diabetes,2023-03-04,Rodney Hall,"Cruz and Hahn, Gibbs",Medicare,7138.21,448,Urgent,2023-03-14,Lipitor,Abnormal,Middle Age (51-65),10,2023,3,March,Endocrinology
1393,katHLEeN saNdovAl,76,Male,AB-,Hypertension,2019-08-25,Sonya Miller,"and Higgins Mckay, Cruz",Blue Cross,17338.25,458,Elective,2019-09-23,Ibuprofen,Normal,Senior (65+),29,2019,8,August,Cardiology
1394,CAROLinE milleR,50,Female,AB-,Obesity,2022-04-27,Victoria Lara,Johnson-Mitchell,Aetna,7094.0,257,Emergency,2022-05-13,Aspirin,Normal,Adult (36-50),16,2022,4,April,Endocrinology
1395,JENnIfeR BAKEr,40,Male,AB+,Diabetes,2024-01-29,Kelly Watson,"Vincent, Walker Parsons and",Blue Cross,32956.18,232,Elective,2024-02-26,Penicillin,Inconclusive,Adult (36-50),28,2024,1,January,Endocrinology
1396,KrIsTIna PAynE,38,Male,AB+,Diabetes,2021-03-13,Kari Ramos,Collins-Mcdonald,Cigna,17765.68,367,Urgent,2021-03-18,Penicillin,Inconclusive,Adult (36-50),5,2021,3,March,Endocrinology
1397,sTAcy jOnes,31,Male,AB+,Arthritis,2023-11-28,Sydney Robbins,Kelly-Tapia,UnitedHealthcare,30988.3,135,Emergency,2023-12-07,Ibuprofen,Abnormal,Young Adult (20-35),9,2023,11,November,Orthopedics
1398,MichaEl RaMoS,82,Male,AB-,Asthma,2020-05-25,Bobby Becker,Williams-Peterson,Aetna,14168.5,427,Elective,2020-05-30,Lipitor,Inconclusive,Senior (65+),5,2020,5,May,Pulmonology
1399,MichAEl MezA,25,Female,O+,Hypertension,2022-02-01,Daniel Watkins,LLC Merritt,UnitedHealthcare,11167.11,140,Urgent,2022-02-20,Lipitor,Normal,Young Adult (20-35),19,2022,2,February,Cardiology
1400,rAndY sHAW,84,Female,B+,Diabetes,2020-02-06,Karen Ramirez,Ryan-Miller,Aetna,16972.6,374,Emergency,2020-02-08,Ibuprofen,Normal,Senior (65+),2,2020,2,February,Endocrinology
1401,aNn sUllIVAn,28,Male,B-,Obesity,2024-02-08,Craig Cooper,Mcintosh-Cantu,Aetna,44867.89,266,Urgent,2024-03-08,Lipitor,Inconclusive,Young Adult (20-35),29,2024,2,February,Endocrinology
1402,Amy wHIte,70,Female,B+,Hypertension,2023-02-09,Erin Oconnell,PLC Hill,Medicare,7754.76,184,Elective,2023-02-13,Lipitor,Normal,Senior (65+),4,2023,2,February,Cardiology
1403,nichOlAS SulLIvAN,63,Male,B+,Cancer,2020-12-15,Carlos Jennings,"and Perkins, Long Herring",Blue Cross,28356.69,175,Urgent,2020-12-23,Paracetamol,Abnormal,Middle Age (51-65),8,2020,12,December,Oncology
1404,jENniFER jOhnsON,70,Female,AB+,Asthma,2024-02-29,Kimberly Freeman,"Russell, and Barnett Williams",UnitedHealthcare,12869.43,182,Emergency,2024-03-16,Aspirin,Inconclusive,Senior (65+),16,2024,2,February,Pulmonology
1405,jonAtHaN yOUNG,66,Female,B+,Hypertension,2024-02-18,Mrs. Lisa Lucas DVM,Lambert-Richardson,Medicare,49125.38,217,Urgent,2024-03-11,Penicillin,Inconclusive,Senior (65+),22,2024,2,February,Cardiology
1406,GLEnn RodrIgueZ,72,Female,A+,Hypertension,2023-07-02,Rachel Wallace,"Morgan, Stephenson and Frazier",Cigna,19950.76,332,Emergency,2023-07-17,Lipitor,Inconclusive,Senior (65+),15,2023,7,July,Cardiology
1407,chrisTOPhER HurSt,76,Female,AB+,Diabetes,2020-05-30,Laura Washington,"Taylor Reyes and Bowers,",Aetna,9747.67,261,Urgent,2020-06-19,Ibuprofen,Inconclusive,Senior (65+),20,2020,5,May,Endocrinology
1408,patRIcK smITh,84,Male,AB-,Asthma,2021-04-16,Jamie Bright,PLC Gaines,Aetna,44452.67,380,Emergency,2021-04-17,Paracetamol,Inconclusive,Senior (65+),1,2021,4,April,Pulmonology
1409,mArk LAne,53,Male,AB+,Hypertension,2021-09-16,Paul Chen,"and Neal Vargas, Welch",UnitedHealthcare,40786.35,357,Elective,2021-10-15,Paracetamol,Abnormal,Middle Age (51-65),29,2021,9,September,Cardiology
1410,aMANDa wIlson,31,Male,B-,Hypertension,2021-07-23,Susan Clark,Howe-Mitchell,UnitedHealthcare,28062.08,222,Elective,2021-08-13,Ibuprofen,Abnormal,Young Adult (20-35),21,2021,7,July,Cardiology
1411,cARrie ScoTt,67,Male,AB-,Arthritis,2021-03-12,Cheryl Maxwell,Becker LLC,Aetna,1061.08,335,Urgent,2021-04-07,Lipitor,Abnormal,Senior (65+),26,2021,3,March,Orthopedics
1412,DaltoN TuCKEr,56,Male,A-,Diabetes,2019-05-26,Thomas Harding,Vargas-Walker,UnitedHealthcare,13670.11,482,Urgent,2019-06-18,Lipitor,Normal,Middle Age (51-65),23,2019,5,May,Endocrinology
1413,cyNTHiA willIams,25,Male,A-,Obesity,2023-11-01,Jessica Lawrence,Henderson-Cruz,Cigna,20161.44,169,Urgent,2023-11-19,Lipitor,Abnormal,Young Adult (20-35),18,2023,11,November,Endocrinology
1414,StevEn PRIcE,84,Female,AB+,Hypertension,2022-06-11,Jose Strickland,Holt-Hale,UnitedHealthcare,2080.26,460,Elective,2022-06-15,Paracetamol,Inconclusive,Senior (65+),4,2022,6,June,Cardiology
1415,anNa ClEMENtS,80,Male,A-,Arthritis,2022-03-11,Lee Richard,"and Cohen Nelson, Davidson",Aetna,30322.53,419,Urgent,2022-04-09,Paracetamol,Inconclusive,Senior (65+),29,2022,3,March,Orthopedics
1416,hEIdI BuCHanan,41,Male,A-,Asthma,2023-04-03,Margaret Booker,Brooks PLC,Blue Cross,33256.49,387,Elective,2023-04-16,Paracetamol,Inconclusive,Adult (36-50),13,2023,4,April,Pulmonology
1417,aNneTte PruiTt,70,Female,A-,Obesity,2021-03-24,Jimmy Savage,and Sons Curry,Medicare,47469.18,212,Elective,2021-04-11,Ibuprofen,Abnormal,Senior (65+),18,2021,3,March,Endocrinology
1418,karI welLs,38,Female,AB+,Obesity,2021-07-09,Heather Fuller,Group Owens,Aetna,17150.16,323,Elective,2021-07-26,Ibuprofen,Abnormal,Adult (36-50),17,2021,7,July,Endocrinology
1419,cLiFfOrD lEe,32,Female,A-,Diabetes,2020-05-22,Walter Jacobs,"Vang, and Cook Moore",Cigna,44695.26,166,Emergency,2020-06-14,Paracetamol,Abnormal,Young Adult (20-35),23,2020,5,May,Endocrinology
1420,mELISSa nGuYen,29,Male,A-,Hypertension,2022-09-19,Breanna Simmons,Sons and Lewis,Aetna,15157.88,351,Elective,2022-10-02,Lipitor,Inconclusive,Young Adult (20-35),13,2022,9,September,Cardiology
1421,zaChaRY reED,77,Male,AB-,Arthritis,2023-08-12,Matthew Harrison,"Haynes Lopez and Simon,",Medicare,23545.38,259,Urgent,2023-08-17,Lipitor,Normal,Senior (65+),5,2023,8,August,Orthopedics
1422,JUDY RUIz,56,Female,O+,Obesity,2020-08-09,Emily Molina,Walker Sons and,Medicare,17461.85,335,Elective,2020-09-01,Aspirin,Inconclusive,Middle Age (51-65),23,2020,8,August,Endocrinology
1423,daVID bOwmAN,54,Female,O+,Arthritis,2023-06-19,Pamela Williams,"and Leon Anderson, Arnold",Cigna,21623.04,356,Emergency,2023-07-13,Ibuprofen,Inconclusive,Middle Age (51-65),24,2023,6,June,Orthopedics
1424,erICA STeVENS,77,Female,O+,Asthma,2019-09-03,Angela Garcia,Santana-Thomas,Cigna,2810.26,329,Emergency,2019-09-27,Penicillin,Inconclusive,Senior (65+),24,2019,9,September,Pulmonology
1425,JoRDAN waRREn,21,Female,O+,Hypertension,2022-10-16,Amy Nguyen,Hayes Ltd,Cigna,31420.53,438,Urgent,2022-10-25,Aspirin,Abnormal,Young Adult (20-35),9,2022,10,October,Cardiology
1426,lEE WHIte,36,Female,AB-,Asthma,2021-10-31,Kim Dean,Baker-Gill,Aetna,49675.01,279,Elective,2021-11-26,Ibuprofen,Normal,Adult (36-50),26,2021,10,October,Pulmonology
1427,JULiE goNZalez,36,Male,B+,Diabetes,2022-08-19,Curtis Hopkins,Cook-Fischer,UnitedHealthcare,18598.2,228,Urgent,2022-09-10,Lipitor,Normal,Adult (36-50),22,2022,8,August,Endocrinology
1428,SuMmer heRmAN,32,Male,A-,Obesity,2023-08-09,Tara Robinson DDS,Garcia-Nichols,Cigna,22810.14,357,Urgent,2023-09-07,Aspirin,Abnormal,Young Adult (20-35),29,2023,8,August,Endocrinology
1429,anGeLa cOx,38,Female,O-,Asthma,2020-12-02,Kevin Green,LLC Baker,UnitedHealthcare,35251.72,465,Emergency,2020-12-16,Penicillin,Abnormal,Adult (36-50),14,2020,12,December,Pulmonology
1430,stevEn wILLIams,73,Male,AB-,Cancer,2019-08-23,Dr. Jennifer Weeks,Gallegos Ltd,Medicare,39611.24,431,Emergency,2019-09-02,Penicillin,Abnormal,Senior (65+),10,2019,8,August,Oncology
1431,sUsan leE,79,Male,AB+,Diabetes,2021-09-14,Joy Rojas,"Nash Stevenson and Martinez,",UnitedHealthcare,26350.0,369,Emergency,2021-09-16,Aspirin,Inconclusive,Senior (65+),2,2021,9,September,Endocrinology
1432,WILLiAm rODriGuez,55,Female,B-,Cancer,2020-04-21,Leslie Cook,Miller-Bell,Cigna,1934.75,351,Urgent,2020-05-21,Aspirin,Inconclusive,Middle Age (51-65),30,2020,4,April,Oncology
1433,mike mcbRIdE,58,Male,AB+,Asthma,2023-08-07,Ashley Petersen,"Gray and Harris, Oneal",Blue Cross,23771.69,143,Urgent,2023-08-28,Penicillin,Abnormal,Middle Age (51-65),21,2023,8,August,Pulmonology
1434,HEaTHeR cARtEr,61,Female,B+,Cancer,2020-07-13,Daniel Barnes,Ltd Carter,UnitedHealthcare,28761.36,133,Urgent,2020-07-29,Aspirin,Abnormal,Middle Age (51-65),16,2020,7,July,Oncology
1435,ELiZABeth iBaRrA,45,Male,B-,Asthma,2019-07-31,Tara Smith,Sons Hodges and,Blue Cross,47629.62,204,Emergency,2019-08-11,Paracetamol,Normal,Adult (36-50),11,2019,7,July,Pulmonology
1436,GRACE haWKinS,34,Female,O+,Hypertension,2022-05-11,Jennifer Taylor,Henderson and Sons,Medicare,2851.52,237,Elective,2022-05-29,Paracetamol,Normal,Young Adult (20-35),18,2022,5,May,Cardiology
1437,Kiara CLARk,31,Female,A-,Cancer,2021-02-03,Martin Arnold,"Frey and Leon Espinoza,",Cigna,9829.91,182,Urgent,2021-02-28,Aspirin,Inconclusive,Young Adult (20-35),25,2021,2,February,Oncology
1438,KImBeRLy wElcH,37,Female,AB-,Diabetes,2023-11-23,Kerri Wright,Barnett LLC,Aetna,22039.68,253,Elective,2023-11-27,Ibuprofen,Abnormal,Adult (36-50),4,2023,11,November,Endocrinology
1439,JeFfREy baILey,48,Female,A+,Hypertension,2023-01-31,Jonathan Fields,Ramos-Simon,Aetna,25487.49,178,Emergency,2023-02-21,Paracetamol,Abnormal,Adult (36-50),21,2023,1,January,Cardiology
1440,JOhN FoX,67,Male,A+,Hypertension,2024-04-20,David Hayes,Cook-Hurst,Cigna,22506.86,211,Urgent,2024-04-29,Paracetamol,Inconclusive,Senior (65+),9,2024,4,April,Cardiology
1441,sHAuN ACoSTa,78,Female,O+,Cancer,2023-11-20,Juan Andrews,Ramirez-Hebert,Cigna,30659.38,179,Emergency,2023-12-10,Lipitor,Normal,Senior (65+),20,2023,11,November,Oncology
1442,RogER SOtO,42,Female,B-,Arthritis,2019-07-05,Clifford Fuller,"Frank Hernandez, Taylor and",Blue Cross,30046.28,376,Emergency,2019-07-24,Aspirin,Inconclusive,Adult (36-50),19,2019,7,July,Orthopedics
1443,hAnNaH bArton,61,Female,AB+,Arthritis,2019-06-02,Kimberly Anderson,Parker-Petersen,UnitedHealthcare,42966.5,242,Elective,2019-06-19,Lipitor,Inconclusive,Middle Age (51-65),17,2019,6,June,Orthopedics
1444,ChrISTopheR CaSTIlLo,64,Male,B+,Cancer,2020-04-06,Nicholas Fuller,"Medina, Wright and Shaffer",Aetna,49899.95,419,Urgent,2020-04-11,Lipitor,Normal,Middle Age (51-65),5,2020,4,April,Oncology
1445,lARry SinGleTOn,31,Female,A-,Diabetes,2022-04-05,Ryan Hall,"and Grant Hamilton Edwards,",Medicare,2924.47,396,Urgent,2022-04-12,Ibuprofen,Normal,Young Adult (20-35),7,2022,4,April,Endocrinology
1446,THomaS DonAldson,79,Male,AB-,Obesity,2019-06-26,Keith Bates,PLC Hunt,Cigna,12412.11,292,Urgent,2019-07-21,Ibuprofen,Inconclusive,Senior (65+),25,2019,6,June,Endocrinology
1447,tIMoTHY MEadOWs,80,Male,O-,Cancer,2023-03-15,Brenda Ramsey,"and Webb Robinson, Hicks",Blue Cross,752.03,361,Urgent,2023-04-14,Aspirin,Abnormal,Senior (65+),30,2023,3,March,Oncology
1448,DANiel brooKs,83,Male,AB-,Hypertension,2022-08-26,Emma Kramer,"Collins Woodward Martinez, and",Blue Cross,26023.36,260,Elective,2022-09-05,Paracetamol,Abnormal,Senior (65+),10,2022,8,August,Cardiology
1449,TIm daVIs,27,Male,B+,Hypertension,2020-02-06,Adrienne Rodriguez,"Hale Garner, Schultz and",UnitedHealthcare,14917.96,167,Elective,2020-02-18,Penicillin,Abnormal,Young Adult (20-35),12,2020,2,February,Cardiology
1450,ThEREsa WrIGHt,30,Female,B-,Asthma,2024-03-19,Maurice Cox,Inc Anderson,Aetna,43838.29,386,Elective,2024-03-26,Aspirin,Abnormal,Young Adult (20-35),7,2024,3,March,Pulmonology
1451,BrIAn dOWNS,39,Male,AB-,Obesity,2022-07-07,Daniel Smith,"Garcia Duncan Peters, and",Cigna,38136.61,246,Elective,2022-07-14,Penicillin,Abnormal,Adult (36-50),7,2022,7,July,Endocrinology
1452,ThomAs LeE,41,Male,AB+,Diabetes,2024-01-19,Aaron Manning,"and English Sanders, Wilcox",Medicare,48413.77,293,Emergency,2024-02-08,Ibuprofen,Inconclusive,Adult (36-50),20,2024,1,January,Endocrinology
1453,CUrTis GArCia,78,Female,A-,Diabetes,2022-01-13,Donna Jones,Moore-Myers,Blue Cross,37669.69,452,Emergency,2022-02-03,Aspirin,Normal,Senior (65+),21,2022,1,January,Endocrinology
1454,TaMMY rIveRs,25,Male,B-,Cancer,2020-04-26,Charles Daniel,and Reeves Sons,Medicare,34789.05,406,Emergency,2020-04-28,Paracetamol,Normal,Young Adult (20-35),2,2020,4,April,Oncology
1455,BRAnDON jOHnson,53,Male,AB+,Asthma,2023-12-21,Christian Arnold,"Walker, and Webb Morton",Cigna,13907.11,413,Elective,2024-01-20,Aspirin,Abnormal,Middle Age (51-65),30,2023,12,December,Pulmonology
1456,PEter RichARDSON,22,Female,AB+,Hypertension,2020-01-04,Christopher Zuniga,"Thompson Ritter Austin, and",UnitedHealthcare,41270.61,162,Emergency,2020-01-19,Paracetamol,Inconclusive,Young Adult (20-35),15,2020,1,January,Cardiology
1457,MRS. rAcHEL sPeNcER,65,Male,A+,Arthritis,2020-02-08,Jeffrey Carr,"and Moyer Powell, Padilla",Cigna,6239.65,369,Elective,2020-02-14,Penicillin,Abnormal,Middle Age (51-65),6,2020,2,February,Orthopedics
1458,chrISTOpheR GReEn,37,Female,AB-,Diabetes,2022-04-29,Sean White,Nelson-Edwards,Medicare,14265.81,437,Elective,2022-05-13,Paracetamol,Normal,Adult (36-50),14,2022,4,April,Endocrinology
1459,wILLiAm SIms,25,Female,B+,Arthritis,2020-04-05,Kurt Scott,LLC English,Cigna,16520.92,448,Elective,2020-04-20,Ibuprofen,Inconclusive,Young Adult (20-35),15,2020,4,April,Orthopedics
1460,LISA BooKeR,62,Female,O+,Arthritis,2019-12-02,Robert Johnson,Jones-Lee,UnitedHealthcare,35057.11,447,Emergency,2019-12-09,Aspirin,Inconclusive,Middle Age (51-65),7,2019,12,December,Orthopedics
1461,BoNnie bUckLey,38,Male,A-,Asthma,2021-03-19,Zachary Crawford,Reed-Medina,UnitedHealthcare,4218.55,495,Elective,2021-04-08,Penicillin,Abnormal,Adult (36-50),20,2021,3,March,Pulmonology
1462,EliZAbeTh MicHAeL,58,Female,B-,Asthma,2023-10-07,Jasmine Zimmerman,Inc Stevens,Medicare,36771.41,362,Emergency,2023-10-08,Ibuprofen,Inconclusive,Middle Age (51-65),1,2023,10,October,Pulmonology
1463,JASOn Lynch,44,Male,A+,Obesity,2021-09-10,Christopher Stokes,"Rodriguez and Becker Holmes,",Cigna,35520.4,460,Urgent,2021-10-08,Aspirin,Normal,Adult (36-50),28,2021,9,September,Endocrinology
1464,aMBER ORtiz,62,Male,O+,Asthma,2021-10-14,Charles Moore,"Jacobs Owens Smith, and",Blue Cross,7656.64,445,Emergency,2021-10-29,Ibuprofen,Normal,Middle Age (51-65),15,2021,10,October,Pulmonology
1465,sUsaN LynCh,46,Female,AB+,Diabetes,2023-10-24,Brenda White,Davis-Nguyen,Medicare,34599.41,106,Urgent,2023-10-29,Lipitor,Inconclusive,Adult (36-50),5,2023,10,October,Endocrinology
1466,ANdRew WaLsH,29,Male,B-,Arthritis,2022-12-28,Steven Mills,"Moore Cooper, Wilson and",Aetna,2436.52,261,Urgent,2023-01-15,Paracetamol,Abnormal,Young Adult (20-35),18,2022,12,December,Orthopedics
1467,maRy beLl,35,Female,O+,Diabetes,2023-12-31,Dorothy Simmons,"and Salazar, Gonzales Jones",Blue Cross,32680.61,493,Emergency,2024-01-04,Paracetamol,Abnormal,Young Adult (20-35),4,2023,12,December,Endocrinology
1468,mOniCA JameS,46,Female,B+,Asthma,2022-02-07,Theresa Martin,Hunt Inc,Cigna,1790.32,259,Urgent,2022-02-23,Paracetamol,Normal,Adult (36-50),16,2022,2,February,Pulmonology
1469,aMY OsBorNE,85,Male,A+,Hypertension,2020-06-12,Steve Hood,PLC Cox,Medicare,2284.43,445,Urgent,2020-06-14,Ibuprofen,Inconclusive,Senior (65+),2,2020,6,June,Cardiology
1470,zaCHaRy riCE,37,Female,AB-,Diabetes,2022-10-16,Darlene Mills,"Welch Carr and Kennedy,",UnitedHealthcare,37152.65,335,Emergency,2022-10-28,Paracetamol,Abnormal,Adult (36-50),12,2022,10,October,Endocrinology
1471,AnTHony JoNeS,62,Female,AB-,Cancer,2022-01-11,Maria Morales,Group Stein,Medicare,21169.11,130,Emergency,2022-01-15,Lipitor,Normal,Middle Age (51-65),4,2022,1,January,Oncology
1472,ChrISTiNA burNS,45,Female,B+,Asthma,2022-11-13,John King,Taylor Inc,Blue Cross,31028.0,247,Elective,2022-11-16,Ibuprofen,Normal,Adult (36-50),3,2022,11,November,Pulmonology
1473,kAtheriNe bass,33,Male,O-,Arthritis,2022-07-24,Nicole Parker,Kidd Inc,Aetna,1468.24,492,Urgent,2022-08-14,Penicillin,Abnormal,Young Adult (20-35),21,2022,7,July,Orthopedics
1474,clAUDIa tyLER,44,Female,AB+,Obesity,2019-06-25,Adrienne Matthews,"Hurst, Thompson and Walls",Medicare,35284.17,464,Urgent,2019-07-10,Lipitor,Normal,Adult (36-50),15,2019,6,June,Endocrinology
1475,RObERT edWArds,29,Female,AB-,Asthma,2020-06-19,Thomas Miranda,Black-Stevens,Aetna,4288.61,500,Urgent,2020-07-08,Ibuprofen,Normal,Young Adult (20-35),19,2020,6,June,Pulmonology
1476,JILL sErRaNO,35,Female,AB+,Diabetes,2020-02-06,Jill Nelson,"Collins and Murray Taylor,",UnitedHealthcare,19769.29,464,Elective,2020-02-24,Ibuprofen,Inconclusive,Young Adult (20-35),18,2020,2,February,Endocrinology
1477,tRoY goULd,45,Female,A+,Hypertension,2023-12-17,Kimberly Malone,"Wilson Whitney Henderson, and",UnitedHealthcare,30430.1,361,Urgent,2024-01-12,Paracetamol,Normal,Adult (36-50),26,2023,12,December,Cardiology
1478,John HOBbS,49,Female,B-,Cancer,2022-08-05,Destiny Nichols,"Vaughan, Adams and Garcia",Blue Cross,38716.05,185,Urgent,2022-08-11,Penicillin,Abnormal,Adult (36-50),6,2022,8,August,Oncology
1479,MArK hUnteR,39,Male,O+,Asthma,2020-09-28,Michael Johnson,Vazquez and Sons,UnitedHealthcare,15563.57,232,Urgent,2020-10-05,Paracetamol,Inconclusive,Adult (36-50),7,2020,9,September,Pulmonology
1480,ChRistiNa MiLLeR,80,Male,O+,Obesity,2020-09-16,Mark Ewing,"Aguilar Mullins and Schmidt,",Cigna,27670.95,330,Elective,2020-10-13,Ibuprofen,Abnormal,Senior (65+),27,2020,9,September,Endocrinology
1481,aNDReA torReS,80,Female,A-,Hypertension,2020-01-27,Michael Collins,Rivera-Norton,Aetna,10757.12,291,Emergency,2020-02-21,Penicillin,Inconclusive,Senior (65+),25,2020,1,January,Cardiology
1482,christiaN WAShINGTON md,51,Male,A-,Asthma,2020-06-11,Angelica Chavez,"Williams, and Howard Meyer",Medicare,43582.94,231,Emergency,2020-06-16,Paracetamol,Normal,Middle Age (51-65),5,2020,6,June,Pulmonology
1483,CHRIstOphER ChARleS,70,Female,B-,Arthritis,2019-12-04,Cassandra Knight,Robbins-Wiggins,Blue Cross,27005.53,412,Emergency,2020-01-02,Lipitor,Normal,Senior (65+),29,2019,12,December,Orthopedics
1484,saRA hall,68,Male,A+,Diabetes,2020-12-05,Lisa Davenport,"and Hess, Nguyen Everett",Medicare,6078.84,478,Emergency,2020-12-18,Ibuprofen,Inconclusive,Senior (65+),13,2020,12,December,Endocrinology
1485,JOsHua PATeL,49,Male,A-,Cancer,2021-05-22,Donna Brown,Holland-Brown,Aetna,49343.02,301,Urgent,2021-06-08,Aspirin,Normal,Adult (36-50),17,2021,5,May,Oncology
1486,BrianNa MoreNo,54,Female,O+,Asthma,2022-06-02,Christopher Jones,Santiago PLC,UnitedHealthcare,16515.76,373,Urgent,2022-06-07,Aspirin,Inconclusive,Middle Age (51-65),5,2022,6,June,Pulmonology
1487,Jenna TURneR,81,Male,B-,Arthritis,2022-07-31,Elizabeth Mccoy,Hensley-Shepard,Blue Cross,49000.23,213,Urgent,2022-08-22,Ibuprofen,Inconclusive,Senior (65+),22,2022,7,July,Orthopedics
1488,JEFFrEY Long,55,Female,B+,Obesity,2019-08-16,Desiree Thornton,Maldonado-White,Blue Cross,31484.41,383,Emergency,2019-09-05,Aspirin,Normal,Middle Age (51-65),20,2019,8,August,Endocrinology
1489,aLexANdeR bISHoP,34,Male,AB-,Diabetes,2022-02-08,Scott York,"Mcmahon, and Steele Rose",Medicare,24701.87,443,Urgent,2022-03-03,Ibuprofen,Inconclusive,Young Adult (20-35),23,2022,2,February,Endocrinology
1490,jOhN YOUng,22,Male,A+,Diabetes,2021-03-23,Lauren Mendoza,"Holmes, Vasquez Sanchez and",Medicare,18831.83,426,Urgent,2021-04-22,Penicillin,Abnormal,Young Adult (20-35),30,2021,3,March,Endocrinology
1491,HEathEr sancheZ,74,Male,A+,Cancer,2021-02-17,Stephanie Brown,Hall-Johnson,Blue Cross,44439.43,110,Urgent,2021-02-18,Aspirin,Abnormal,Senior (65+),1,2021,2,February,Oncology
1492,AmanDa WHitE,72,Female,O+,Diabetes,2019-06-01,Janet Pratt,PLC Jacobs,Cigna,6899.39,328,Urgent,2019-06-18,Paracetamol,Inconclusive,Senior (65+),17,2019,6,June,Endocrinology
1493,bruCE cox,75,Female,A+,Obesity,2020-09-24,Sara Page,Williams-Hill,Cigna,44516.09,494,Emergency,2020-09-26,Penicillin,Inconclusive,Senior (65+),2,2020,9,September,Endocrinology
1494,gEoRGE WolFe,63,Male,B-,Cancer,2019-08-01,Thomas Gonzalez,Petty Ltd,UnitedHealthcare,16396.32,344,Emergency,2019-08-26,Ibuprofen,Normal,Middle Age (51-65),25,2019,8,August,Oncology
1495,SHanNOn wILliAMson,32,Female,A-,Arthritis,2021-05-31,John Potter,Lopez Inc,Medicare,3916.0,268,Urgent,2021-06-22,Penicillin,Abnormal,Young Adult (20-35),22,2021,5,May,Orthopedics
1496,JuliE rIvaS,78,Female,O+,Diabetes,2022-09-15,Debbie Johnson,PLC Conway,Medicare,28106.08,287,Emergency,2022-09-19,Aspirin,Inconclusive,Senior (65+),4,2022,9,September,Endocrinology
1497,RoGER eScobAr,55,Female,O+,Obesity,2020-11-19,Brett Young,"Thompson and Miller, Allen",Medicare,11561.48,327,Urgent,2020-12-14,Ibuprofen,Inconclusive,Middle Age (51-65),25,2020,11,November,Endocrinology
1498,Tammy hall,84,Male,A-,Asthma,2019-07-27,Isaiah Foster,Copeland LLC,UnitedHealthcare,11685.04,373,Elective,2019-08-09,Ibuprofen,Abnormal,Senior (65+),13,2019,7,July,Pulmonology
1499,TYLER camPbelL,24,Male,O-,Obesity,2021-06-30,Ryan Kim,PLC Doyle,UnitedHealthcare,6684.9,243,Emergency,2021-07-01,Lipitor,Inconclusive,Young Adult (20-35),1,2021,6,June,Endocrinology
1500,nICHOlAS gaRcIA,60,Female,B-,Hypertension,2022-03-21,Joseph Koch,"Day Myers, Mayer and",Aetna,6609.77,181,Urgent,2022-04-18,Aspirin,Normal,Middle Age (51-65),28,2022,3,March,Cardiology
